IDENTIFIER,GRAMMAR_PATTERN,CONTEXT
action to index map,N P NM N,ATTRIBUTE
action view show master pages,NM N V NM NPL,ATTRIBUTE
active copies,NM NPL,ATTRIBUTE
actual count,NM N,ATTRIBUTE
add bias to embedding,V N P N,ATTRIBUTE
added unicode smp,NM NM N,ATTRIBUTE
address type ipv4,NM NM N,ATTRIBUTE
all stubbings,DT NPL,ATTRIBUTE
alt label ctxs,NM NM NPL,ATTRIBUTE
ambient,N,ATTRIBUTE
atom,N,ATTRIBUTE
attribute decls,NM NPL,ATTRIBUTE
average in bucket used slot count,N P NM NM NM N,ATTRIBUTE
b is playing,PRE V V,ATTRIBUTE
b loop,PRE N,ATTRIBUTE
bean configs,NM NPL,ATTRIBUTE
befores,NPL,ATTRIBUTE
bitmap data size,NM NM N,ATTRIBUTE
bm log,NM N,ATTRIBUTE
bounding radius,NM N,ATTRIBUTE
breakpoint,N,ATTRIBUTE
buckets path field,NM NM N,ATTRIBUTE
buffers,NPL,ATTRIBUTE
logger,N,ATTRIBUTE
build timestamp,NM N,ATTRIBUTE
bytes received,NPL NM,ATTRIBUTE
caching mock bytecode generator,NM NM NM N,ATTRIBUTE
calibration phase,NM N,ATTRIBUTE
canvas item,NM N,ATTRIBUTE
cat risk,NM N,ATTRIBUTE
certificate chain cleaner,NM NM N,ATTRIBUTE
char strings,NM NPL,ATTRIBUTE
chosen overrides,NM NPL,ATTRIBUTE
client,N,ATTRIBUTE
client number,NM N,ATTRIBUTE
codes,NPL,ATTRIBUTE
color conversion system,NM NM N,ATTRIBUTE
colored count,NM N,ATTRIBUTE
completion handler i unary response client callback,NM N NM NM NM NM N,ATTRIBUTE
component type,NM N,ATTRIBUTE
context length,NM N,ATTRIBUTE
cookie jar,NM N,ATTRIBUTE
core,N,ATTRIBUTE
creds,NPL,ATTRIBUTE
crop node,NM N,ATTRIBUTE
current filename,NM N,ATTRIBUTE
current scene node,NM NM N,ATTRIBUTE
debug policy,NM N,ATTRIBUTE
default answer,NM N,ATTRIBUTE
default factory,NM N,ATTRIBUTE
default flags,NM NPL,ATTRIBUTE
default instance void,NM NM N,ATTRIBUTE
delay agnostic enabled,NM N V,ATTRIBUTE
depth cb,NM N,ATTRIBUTE
depth stencil as texture,NM N P N,ATTRIBUTE
detect leaks,V NPL,ATTRIBUTE
development,N,ATTRIBUTE
dynamic table byte count,NM NM NM N,ATTRIBUTE
edit count,NM N,ATTRIBUTE
eglew android frame buffer target,PRE PRE NM NM N,ATTRIBUTE
eglew create platform window surface,PRE V NM NM N,ATTRIBUTE
eglew khr stream fifo,PRE PRE NM N,ATTRIBUTE
embedded version,NM N,ATTRIBUTE
empty directory,NM N,ATTRIBUTE
enabled subdevices,NM NPL,ATTRIBUTE
encoded path segments,NM NM NPL,ATTRIBUTE
exception channels,NM NPL,ATTRIBUTE
extract events,V NPL,ATTRIBUTE
f context length,PRE NM N,ATTRIBUTE
f matcher,PRE N,ATTRIBUTE
feed adapter,NM N,ATTRIBUTE
file,N,ATTRIBUTE
file descriptor proto,NM NM N,ATTRIBUTE
filtered children,NM NPL,ATTRIBUTE
fingerprint dialog,NM N,ATTRIBUTE
flag,N,ATTRIBUTE
float day counter,NM NM N,ATTRIBUTE
footnotes position,NM N,ATTRIBUTE
free cell,NM N,ATTRIBUTE
gen subj,NM N,ATTRIBUTE
get source name,NM NM N,ATTRIBUTE
glew index mask,PRE NM N,ATTRIBUTE
glew render mode,PRE NM N,ATTRIBUTE
glew validate program pipeline,PRE V NM N,ATTRIBUTE
group boxes,NM NPL,ATTRIBUTE
h wnd,N NM,ATTRIBUTE
handled boxes,NM NPL,ATTRIBUTE
height int,NM N,ATTRIBUTE
history action,NM N,ATTRIBUTE
id lumninance min,NM NM N,ATTRIBUTE
idle delay,NM N,ATTRIBUTE
im out shape,NM NM N,ATTRIBUTE
img buffer original,NM N NM,ATTRIBUTE
in order wrapped verification mode,P N NM NM N,ATTRIBUTE
index data,NM NPL,ATTRIBUTE
index prefix with template,NM N P N,ATTRIBUTE
index to loc format,N P NM N,ATTRIBUTE
inet socket address,NM NM N,ATTRIBUTE
initialization error,NM N,ATTRIBUTE
inner alpha,NM N,ATTRIBUTE
invalid,NM,ATTRIBUTE
invalid host,NM N,ATTRIBUTE
invalid state number,NM NM N,ATTRIBUTE
invert success,V N,ATTRIBUTE
is bridged argument,V NM N,ATTRIBUTE
is first capital,V NM N,ATTRIBUTE
is first frame,V NM N,ATTRIBUTE
is indirect result,V NM N,ATTRIBUTE
is partial,V N,ATTRIBUTE
is return bridged,V N NM,ATTRIBUTE
keep aspect,V N,ATTRIBUTE
key password profiles,NM NM NPL,ATTRIBUTE
key sym,NM N,ATTRIBUTE
label regex,NM N,ATTRIBUTE
language to rules files,N P NM NPL,ATTRIBUTE
last saved step,NM NM N,ATTRIBUTE
latency arg,NM N,ATTRIBUTE
layer mask source node,NM NM NM N,ATTRIBUTE
link name,NM N,ATTRIBUTE
locations,NPL,ATTRIBUTE
m annotation,PRE N,ATTRIBUTE
m contact motion 1,PRE NM N D,ATTRIBUTE
m count activities,PRE NM NPL,ATTRIBUTE
m execute on host,PRE V P N,ATTRIBUTE
m fbo height,PRE NM N,ATTRIBUTE
m first render queue,PRE NM NM N,ATTRIBUTE
m gpu rays,PRE NM NPL,ATTRIBUTE
m is indx present,PRE V NM N,ATTRIBUTE
m is worker done,PRE V N NM,ATTRIBUTE
m last changed location,PRE NM NM N,ATTRIBUTE
m line dash offset,PRE NM NM N,ATTRIBUTE
m num visual shapes copied,PRE NM NM NM N,ATTRIBUTE
m paste mode,PRE NM N,ATTRIBUTE
m post fix,PRE NM N,ATTRIBUTE
m preview started,PRE N NM,ATTRIBUTE
m reference,PRE N,ATTRIBUTE
m remove user data response args,PRE NM NM NM NM NPL,ATTRIBUTE
m resources,PRE NPL,ATTRIBUTE
m sbuf,PRE N,ATTRIBUTE
m shadow receiver pass,PRE NM NM N,ATTRIBUTE
m sky box orientation,PRE NM NM N,ATTRIBUTE
m sky plane render queue,PRE NM NM NM N,ATTRIBUTE
m text types,PRE NM NPL,ATTRIBUTE
m transform change args,PRE NM NM NPL,ATTRIBUTE
m vs out light position,PRE NM NM NM N,ATTRIBUTE
m weaver,PRE N,ATTRIBUTE
m window width,PRE NM N,ATTRIBUTE
m worker,PRE N,ATTRIBUTE
m zoom controller,PRE NM N,ATTRIBUTE
manifest file prefix,NM NM N,ATTRIBUTE
matcher builder,NM N,ATTRIBUTE
max buffer size,NM NM N,ATTRIBUTE
max file open,NM N NM,ATTRIBUTE
max width,NM N,ATTRIBUTE
max work group size,NM NM NM N,ATTRIBUTE
min font size,NM NM N,ATTRIBUTE
mock ref,NM N,ATTRIBUTE
module finder,NM N,ATTRIBUTE
more,DT,ATTRIBUTE
move rbt surgeon,NM NM N,ATTRIBUTE
mtx,N,ATTRIBUTE
multiple occurences,NM NPL,ATTRIBUTE
n d,NM N,ATTRIBUTE
name container,NM N,ATTRIBUTE
nav visible,N NM,ATTRIBUTE
new strokes,NM NPL,ATTRIBUTE
new y,NM N,ATTRIBUTE
next giphy search offset,NM NM NM N,ATTRIBUTE
nonce length,NM N,ATTRIBUTE
num active tris,NM NM NPL,ATTRIBUTE
num axis events,NM NM NPL,ATTRIBUTE
num body parts,NM NM NPL,ATTRIBUTE
num cols,NM NPL,ATTRIBUTE
num groups,NM NPL,ATTRIBUTE
num light,NM N,ATTRIBUTE
num outs,NM NPL,ATTRIBUTE
num tess face data,NM NM NM N,ATTRIBUTE
number elementary vegas,NM NM NPL,ATTRIBUTE
number start,NM N,ATTRIBUTE
odf symbol type,NM NM N,ATTRIBUTE
on item long click listener,P NM NM NM N,ATTRIBUTE
ongoing call notification,NM NM N,ATTRIBUTE
op code continuation,NM NM N,ATTRIBUTE
original mocking details,NM NM NPL,ATTRIBUTE
other data len bits,NM NM NM NPL,ATTRIBUTE
other side x,NM NM N,ATTRIBUTE
packet sent,NM N,ATTRIBUTE
parent,N,ATTRIBUTE
parser errors,NM NPL,ATTRIBUTE
pickup,N,ATTRIBUTE
pixel width,NM N,ATTRIBUTE
pref font,NM N,ATTRIBUTE
prev property,NM N,ATTRIBUTE
previous caption,NM N,ATTRIBUTE
print features up to,V NPL VM P,ATTRIBUTE
proof profile,NM N,ATTRIBUTE
q tail,NM N,ATTRIBUTE
raw arguments,NM NPL,ATTRIBUTE
rc identity,NM N,ATTRIBUTE
reduction indices,NM NPL,ATTRIBUTE
ref point offset percent,NM NM NM N,ATTRIBUTE
reference index meta datas,NM NM NM NPL,ATTRIBUTE
refresh interval in millis,NM N P NPL,ATTRIBUTE
replace text context,NM NM N,ATTRIBUTE
replacement length,NM N,ATTRIBUTE
resamplers,NPL,ATTRIBUTE
returned value,NM N,ATTRIBUTE
returns self,V N,ATTRIBUTE
risky annuity,NM N,ATTRIBUTE
rotate desc,NM N,ATTRIBUTE
row limit,NM N,ATTRIBUTE
rule options,NM NPL,ATTRIBUTE
run dist cmd prop,NM NM NM N,ATTRIBUTE
runner override,NM N,ATTRIBUTE
runtime mx bean,NM NM N,ATTRIBUTE
samplers,NPL,ATTRIBUTE
script event action factories,NM NM NM NPL,ATTRIBUTE
selected account,NM N,ATTRIBUTE
selection width label,NM NM N,ATTRIBUTE
session factory,NM N,ATTRIBUTE
session ticket key,NM NM N,ATTRIBUTE
shift values,NM NPL,ATTRIBUTE
show tags,V NPL,ATTRIBUTE
skip vetoes,NM NPL,ATTRIBUTE
sort field data type,NM NM NM N,ATTRIBUTE
spline max len,NM NM N,ATTRIBUTE
sprites,NPL,ATTRIBUTE
st lib,NM N,ATTRIBUTE
stack,N,ATTRIBUTE
state to grammar region map,N P NM NM N,ATTRIBUTE
statement,N,ATTRIBUTE
step no,NM N,ATTRIBUTE
struct ty,NM N,ATTRIBUTE
stubbing lookup listeners,NM NM NPL,ATTRIBUTE
sub module name visibility pairs,NM NM NM NM NPL,ATTRIBUTE
tcp slave agent listener lock,NM NM NM NM N,ATTRIBUTE
then,N,ATTRIBUTE
time spec,NM N,ATTRIBUTE
tlv symbols,NM NPL,ATTRIBUTE
tot channel,NM N,ATTRIBUTE
tot elem,NM N,ATTRIBUTE
total merge throttled time,NM NM NM N,ATTRIBUTE
trade price,NM N,ATTRIBUTE
type test rule,NM NM N,ATTRIBUTE
type window update,N NM NM,ATTRIBUTE
unknown username,NM N,ATTRIBUTE
unregistered request matcher,NM NM N,ATTRIBUTE
unrestricted,NM,ATTRIBUTE
use atm spread,V NM N,ATTRIBUTE
user hook 3,NM N D,ATTRIBUTE
uuid,N,ATTRIBUTE
val 32,N D,ATTRIBUTE
validator strategies,NM NPL,ATTRIBUTE
value hash,NM N,ATTRIBUTE
variables,NPL,ATTRIBUTE
verification strategy,NM N,ATTRIBUTE
video chunk cb,NM NM N,ATTRIBUTE
w width,NM N,ATTRIBUTE
weak ref lost,NM NM N,ATTRIBUTE
weights multipliers,NM NPL,ATTRIBUTE
whole regexp,NM N,ATTRIBUTE
x dnd type list,NM NM NM N,ATTRIBUTE
x origin,NM N,ATTRIBUTE
x scale,NM N,ATTRIBUTE
ya bottom,NM N,ATTRIBUTE
z weight,NM N,ATTRIBUTE
zero plane res,NM NM N,ATTRIBUTE
abc opt,NM N,CLASS
abstract build execution,NM NM N,CLASS
accessor conformance info,NM NM N,CLASS
action translator,NM N,CLASS
address lowering,N V,CLASS
alt and context config equality comparator,N CJ NM NM NM N,CLASS
android byte buddy mock maker,NM NM NM NM N,CLASS
apply rewriter,NM N,CLASS
arabic segmenter,NM N,CLASS
area info dialog t,NM NM NM N,CLASS
ares dns resolver,NM NM N,CLASS
array count propagation,NM NM N,CLASS
attribute,N,CLASS
background parser private,NM N NM,CLASS
base loader callback,NM NM N,CLASS
basic replication request,NM NM N,CLASS
basket payoff,NM N,CLASS
binary rule,NM N,CLASS
bt collision shape,PRE NM N,CLASS
bt deformable contact constraint,PRE NM NM N,CLASS
bt material,PRE N,CLASS
bucket collector,NM N,CLASS
build wrapper,NM N,CLASS
c animated mesh scene node,PRE NM NM NM N,CLASS
c archive loader tar,PRE NM N NM,CLASS
c at background color,PRE NM NM N,CLASS
c at font,PRE NM N,CLASS
c at grayscale,PRE NM N,CLASS
c burning shader raster reference,PRE NM NM NM N,CLASS
c d3d9 render target,PRE NM NM N,CLASS
c file read callback,PRE NM NM N,CLASS
c http2 connector,PRE NM N,CLASS
c image,PRE N,CLASS
c image writer jpg,PRE NM N NM,CLASS
c skinned mesh,PRE NM N,CLASS
cache strategy,NM N,CLASS
cached region tracker,NM NM N,CLASS
call error extensions,NM NM NPL,CLASS
camera data,NM N,CLASS
caplet variance curve,NM NM N,CLASS
category filter factory,NM NM N,CLASS
cbor x content,NM NM N,CLASS
change scroll,V N,CLASS
chapter toc frame,NM NM N,CLASS
child location,NM N,CLASS
chinese treebank parser params,NM NM NM NPL,CLASS
cipher suite,NM N,CLASS
class loaders,NM NPL,CLASS
clause matrix,NM N,CLASS
clock,N,CLASS
cluster update settings response,NM NM NM N,CLASS
cmd output operation type,NM NM NM N,CLASS
code generator private,NM N NM,CLASS
color map,NM N,CLASS
combine paint mask to canvas buffer to paint buf alpha,NM NM N P NM N P NM NM N,CLASS
command t,NM N,CLASS
comp mask,NM N,CLASS
compiler item,NM N,CLASS
configure timeouts,NM NPL,CLASS
const parameter float,NM NM N,CLASS
container tab bar,NM NM N,CLASS
content path,NM N,CLASS
context token list indexed getter decl,NM NM NM NM NM N,CLASS
contextualize closures,V NPL,CLASS
controlled object,NM N,CLASS
controller value,NM N,CLASS
cpp generator services,NM NM NPL,CLASS
cq event queue,NM NM N,CLASS
crf non linear log conditional objective function,NM NM NM NM NM NM N,CLASS
d bus proxy,NM NM N,CLASS
d obj points,NM NM NPL,CLASS
d3d11 unsupported gpu program,NM NM NM N,CLASS
data access repository private,NM NM N NM,CLASS
declaration context private,NM N NM,CLASS
declaration item,NM N,CLASS
default injection engine,NM NM N,CLASS
default mocking details,NM NM NPL,CLASS
default ssl roots override,NM NM NPL NM,CLASS
define,N,CLASS
deserialization context,NM N,CLASS
device handler,NM N,CLASS
dialog elements,NM NPL,CLASS
disk lru cache,NM NM N,CLASS
dispatch mask buffer iterator,NM NM NM N,CLASS
dispatch paint mask,NM NM N,CLASS
dot generator,NM N,CLASS
dual con input reader,NM NM NM N,CLASS
dvb subtitle reader,NM NM N,CLASS
dynamic textured cube demo,NM NM NM N,CLASS
env vars slave info display name,NM NM NM NM NM N,CLASS
executor,N,CLASS
expected exception,NM N,CLASS
explicit euler scheme,NM NM N,CLASS
expression finder,NM N,CLASS
fd black scholes vanilla engine,NM NM NM NM N,CLASS
file item delegate,NM NM N,CLASS
file operator,NM N,CLASS
file path filter,NM NM N,CLASS
file system archive,NM NM N,CLASS
fixed object,NM N,CLASS
formatted text,NM N,CLASS
frame 2,N D,CLASS
generic emissive closure,NM NM N,CLASS
generic type extractor,NM NM N,CLASS
geometry interface,NM N,CLASS
get home directory,V NM N,CLASS
get total disk space,V NM NM N,CLASS
gl config attribs,PRE NM NPL,CLASS
globals as members table reader info,NPL P NPL NM NM N,CLASS
glx configurator,NM N,CLASS
group by context,N P N,CLASS
h pack,NM N,CLASS
handshake mode,NM N,CLASS
hdr listener,NM N,CLASS
heat vision listener,NM NM N,CLASS
http1 exchange codec,NM NM N,CLASS
i read file,NM NM N,CLASS
icy decoder,NM N,CLASS
image manager,NM N,CLASS
install uncaught exception handler,V NM NM N,CLASS
internal,NM,CLASS
internal ffmpeg register,NM NM N,CLASS
inverse dynamics example,NM NM N,CLASS
jflex dummy lexer,PRE NM N,CLASS
jnt array acc,NM NM N,CLASS
key status,NM N,CLASS
ko main window private,PRE NM N NM,CLASS
ko path point remove command private,PRE NM NM NM N NM,CLASS
ko rgb u8 invert color transformation,PRE NM NM NM NM N,CLASS
ko section end private,PRE NM N NM,CLASS
ko shadow style private,PRE NM N NM,CLASS
label action,NM N,CLASS
label drawing widget,NM NM N,CLASS
layer parameter,NM N,CLASS
layout data,NM N,CLASS
lease,N,CLASS
left recursive rule function,NM NM NM N,CLASS
less dummy gui helper,NM NM NM N,CLASS
light attenuation value,NM NM N,CLASS
list level,NM N,CLASS
local ref,NM N,CLASS
log mixed linear cubic interpolation,NM NM NM NM N,CLASS
lsm basis system,NM NM N,CLASS
lvl currency,NM N,CLASS
main class,NM N,CLASS
maps,NPL,CLASS
mask components,NM NPL,CLASS
max core,NM N,CLASS
media chunk iterator,NM NM N,CLASS
mention detection evaluator,NM NM N,CLASS
minimum supported version,NM NM N,CLASS
mock creation validator,NM NM N,CLASS
mockito assertion error,PRE NM N,CLASS
module handler,NM N,CLASS
mono p invoke callback attribute,NM NM NM NM N,CLASS
mp4 extractor,NM N,CLASS
mp4 input,NM N,CLASS
mpeg audio reader,NM NM N,CLASS
multicubic spline,NM N,CLASS
multiple failure exception,NM NM N,CLASS
multipolygon,N,CLASS
net state rule default type internal,NM NM NM NM N NM,CLASS
new aggregate builder map,NM NM NM N,CLASS
node shape,NM N,CLASS
null program,NM N,CLASS
num,N,CLASS
oauth session,NM N,CLASS
oauth session factory,NM NM N,CLASS
of android life cycle helper,PRE NM NM NM N,CLASS
of android object,PRE NM N,CLASS
of android sound player,PRE NM NM N,CLASS
of android window,PRE NM N,CLASS
of orientation listener,PRE NM N,CLASS
op pool,NM N,CLASS
output delegate private,NM N NM,CLASS
parallel computer,NM N,CLASS
parameter signature,NM N,CLASS
parse job private,NM N NM,CLASS
part document private,NM N NM,CLASS
patch coord buffer,NM NM N,CLASS
patterns annotations,NM NPL,CLASS
physics client example,NM NM N,CLASS
piecewise constant abcd variance,NM NM NM N,CLASS
point 3,N D,CLASS
pointer map,NM N,CLASS
post file,NM N,CLASS
post script document,NM NM N,CLASS
predicate wrapper,NM N,CLASS
print events,NM NPL,CLASS
problem reporter factory,NM NM N,CLASS
process,N,CLASS
project controller private,NM N NM,CLASS
publish response,NM N,CLASS
qr detect,NM N,CLASS
quad,N,CLASS
quote,N,CLASS
read bitstream,V N,CLASS
reconstruct update callback,NM NM N,CLASS
record header,NM N,CLASS
refutable pattern initialization,NM NM N,CLASS
remoting diagnostics,NM NPL,CLASS
resolved failed exception,NM NM N,CLASS
response handlers,NM NPL,CLASS
rest client,NM N,CLASS
returns empty values,V NM NPL,CLASS
risky bond,NM N,CLASS
rolling friction demo,NM NM N,CLASS
rs compute operation,NM NM N,CLASS
rs stencil operation,NM NM N,CLASS
rule member validator,NM NM N,CLASS
rule property ref ctx,NM NM NM N,CLASS
rule property ref start,NM NM NM N,CLASS
rule version attribute,NM NM N,CLASS
run after params,V NM NPL,CLASS
run before params,V NM NPL,CLASS
runner scheduler,NM N,CLASS
scroll id for node,NM N P N,CLASS
segmenter core annotations,NM NM NPL,CLASS
sei reader,NM N,CLASS
serialized form,NM N,CLASS
server safe handle,NM NM N,CLASS
setting manager,NM N,CLASS
shift reduce train options,NM NM NM NPL,CLASS
simple pressure,NM N,CLASS
single period timeline,NM NM N,CLASS
sinh,N,CLASS
sk editor consumer,NM NM N,CLASS
slack client,NM N,CLASS
stochastic process,NM N,CLASS
store,N,CLASS
strictness selector,NM N,CLASS
stubbing comparator,NM N,CLASS
su time,NM N,CLASS
suite method,NM N,CLASS
suite method builder,NM NM N,CLASS
task impl,NM N,CLASS
temp comp mask,NM NM N,CLASS
temperature cauchy 1 d,NM N D NM,CLASS
template preview icon data,NM NM NM NPL,CLASS
temporary folder,NM N,CLASS
text paint view,NM NM N,CLASS
tile parameter default type internal,NM NM NM N NM,CLASS
time signal command,NM NM N,CLASS
timelapser,N,CLASS
to string walker,P N N,CLASS
token property ref,NM NM N,CLASS
token property ref channel,NM NM NM N,CLASS
token type decl,NM NM N,CLASS
top ngram record,NM NM N,CLASS
transport shard refresh action,NM NM NM N,CLASS
tree element,NM N,CLASS
tree post script generator,NM NM NM N,CLASS
tsurgeon parse exception,NM NM N,CLASS
tuple lvalue emitter,NM NM N,CLASS
user 2 internal index,N P NM N,CLASS
value,N,CLASS
value label,NM N,CLASS
vanilla forward payoff,NM NM N,CLASS
verification mode factory,NM NM N,CLASS
vertex position,NM N,CLASS
video capture dshow,NM NM N,CLASS
voronoi fracture demo,NM NM N,CLASS
warning failure exception,NM NM N,CLASS
web socket listener,NM NM N,CLASS
workspace file mask,NM NM N,CLASS
write context,NM N,CLASS
wsdls solver,NM N,CLASS
active tool id,NM NM N,DECLARATION
actual suffix,NM N,DECLARATION
adding,V,DECLARATION
aead crypter seal,NM NM N,DECLARATION
all action roots,DT NM NPL,DECLARATION
all invocation matchers,DT NM NPL,DECLARATION
all open indices,DT NM NPL,DECLARATION
always preview,VM V,DECLARATION
anchor name,NM N,DECLARATION
angle in radian,N P N,DECLARATION
animation box,NM N,DECLARATION
atn state,NM N,DECLARATION
attrs,NPL,DECLARATION
avg 1,N D,DECLARATION
avg map,NM N,DECLARATION
base category,NM N,DECLARATION
base transform,NM N,DECLARATION
best b,NM N,DECLARATION
best node,NM N,DECLARATION
best style,NM N,DECLARATION
bind matrix,NM N,DECLARATION
binormal type,NM N,DECLARATION
byte count,NM N,DECLARATION
byte src,NM N,DECLARATION
cache body unbuffered,NM N NM,DECLARATION
cache entity,NM N,DECLARATION
cam rot z,NM NM N,DECLARATION
cap times,NM NPL,DECLARATION
cb result,NM N,DECLARATION
cell cursor,NM N,DECLARATION
ch,N,DECLARATION
check next,V N,DECLARATION
child categories,NM NPL,DECLARATION
clang can ty,PRE NM N,DECLARATION
client certificates,NM NPL,DECLARATION
clip dist bug,NM NM N,DECLARATION
cmd lines,NM NPL,DECLARATION
cms pricer,NM N,DECLARATION
code exception message,NM NM N,DECLARATION
col length left,NM NM N,DECLARATION
compare fields by name,V NPL P N,DECLARATION
compiling contexts,V NPL,DECLARATION
cone translation,NM N,DECLARATION
control points,NM NPL,DECLARATION
copy item,NM N,DECLARATION
corr qc,NM N,DECLARATION
coterminal model,NM N,DECLARATION
cp 1254,N D,DECLARATION
curr thread exception,NM NM N,DECLARATION
current charuco corners,NM NM NPL,DECLARATION
current open shards,NM NM NPL,DECLARATION
current sequence,NM N,DECLARATION
d inf,NM N,DECLARATION
default blocked item comparator,NM NM NM N,DECLARATION
default look,NM N,DECLARATION
dependencies st,NM N,DECLARATION
depot message start,NM NM N,DECLARATION
drift term,NM N,DECLARATION
dst saturation,NM N,DECLARATION
dst type 1,NM N D,DECLARATION
element spec,NM N,DECLARATION
end of input,N P N,DECLARATION
enum count,NM N,DECLARATION
equals builder,NM N,DECLARATION
equals offset,NM N,DECLARATION
error mark type,NM NM N,DECLARATION
event 0,N D,DECLARATION
executors,NPL,DECLARATION
expect rows,NM NPL,DECLARATION
expected string,NM N,DECLARATION
extra inhabitants mask,NM NM N,DECLARATION
extra interfaces,NM NPL,DECLARATION
f cos,NM N,DECLARATION
f curve found,NM N V,DECLARATION
f m m,NM NM N,DECLARATION
f ptr out,PRE NM N,DECLARATION
face index,NM N,DECLARATION
factory class,NM N,DECLARATION
fast load success,VM V N,DECLARATION
feature iterator,NM N,DECLARATION
field offset vector,NM NM N,DECLARATION
filter spec,NM N,DECLARATION
finished normally,V VM,DECLARATION
first space,NM N,DECLARATION
fixed cam,NM N,DECLARATION
fixed leg frequency,NM NM N,DECLARATION
followup,N,DECLARATION
forked iter,V N,DECLARATION
format ok,N NM,DECLARATION
free positions,NM NPL,DECLARATION
from local aabb min,P NM NM N,DECLARATION
future active doc,NM NM N,DECLARATION
generate rule bypass transitions,V NM NM NPL,DECLARATION
generated token on creation,NM N P N,DECLARATION
have mask,V N,DECLARATION
id mention,N NM,DECLARATION
identifier quark,NM N,DECLARATION
idp configuration,NM N,DECLARATION
idx u,NM N,DECLARATION
img stub,NM N,DECLARATION
img type,NM N,DECLARATION
implicit group key,NM NM N,DECLARATION
in cache,P N,DECLARATION
indexes of suspicious args,NPL P NM NPL,DECLARATION
inertial frame,NM N,DECLARATION
inst results,NM NPL,DECLARATION
interface bounds,NM NPL,DECLARATION
inv flight k 2,NM NM N D,DECLARATION
inv unit scale,NM NM N,DECLARATION
inverted direction,NM N,DECLARATION
is a empty,V DT N,DECLARATION
is node a left child leaf,V N DT NM NM N,DECLARATION
is trained,V V,DECLARATION
items per second,NPL P N,DECLARATION
jar url connection,NM NM N,DECLARATION
joint start,NM N,DECLARATION
key begin,NM N,DECLARATION
key events copy,NM NM N,DECLARATION
kinects copy,NM N,DECLARATION
label casefold,NM N,DECLARATION
last token was delete or default,NM N V N CJ N,DECLARATION
layer sizes,NM NPL,DECLARATION
left sisters buffer,NM NM N,DECLARATION
lhs component,NM N,DECLARATION
line 1 grad,NM D N,DECLARATION
line y,NM N,DECLARATION
link url,NM N,DECLARATION
loaded mentions count,NM NM N,DECLARATION
logger name parts,NM NM NPL,DECLARATION
lower tail,NM N,DECLARATION
mapped labels,NM NPL,DECLARATION
max age seconds long,NM NM NPL NM,DECLARATION
max basket,NM N,DECLARATION
max input size,NM NM N,DECLARATION
melanin ofs,NM N,DECLARATION
merged type,NM N,DECLARATION
method handles,NM NPL,DECLARATION
method index,NM N,DECLARATION
minimized random fa,NM NM N,DECLARATION
missing classes,NM NPL,DECLARATION
mock method,NM N,DECLARATION
mod iface,NM N,DECLARATION
movie media handler,NM NM N,DECLARATION
mx bean,NM N,DECLARATION
n repeats,NM NPL,DECLARATION
nbr gaps,NM NPL,DECLARATION
nd formula,NM N,DECLARATION
nearest point,NM N,DECLARATION
need fallback,V N,DECLARATION
neighbor pos,NM N,DECLARATION
network security policy,NM NM N,DECLARATION
new image height,NM NM N,DECLARATION
new order,NM N,DECLARATION
new rule text,NM NM N,DECLARATION
new sil type,NM NM N,DECLARATION
new warning header size,NM NM NM N,DECLARATION
next fragment expression,NM NM N,DECLARATION
next search,NM N,DECLARATION
noise 1,N D,DECLARATION
non greedy states builder,NM NM NM N,DECLARATION
num metadata,NM N,DECLARATION
num primes,NM NPL,DECLARATION
num states,NM NPL,DECLARATION
num vec per segment,NM N P N,DECLARATION
num verts in a,NM NPL P N,DECLARATION
number of joysticks,N P NPL,DECLARATION
numbering path,NM N,DECLARATION
obj proj,NM N,DECLARATION
one document,NM N,DECLARATION
open class tags,NM NM NPL,DECLARATION
order with,V P,DECLARATION
ori w,NM N,DECLARATION
out d g,N NM NM,DECLARATION
overriden function it,NM NM N,DECLARATION
pai arg,NM N,DECLARATION
paint radio,NM N,DECLARATION
param def,NM N,DECLARATION
parts size,NM N,DECLARATION
passphrase,N,DECLARATION
pd sum,NM N,DECLARATION
platform string,NM N,DECLARATION
present scaling,NM N,DECLARATION
prev num hooks,NM NM NPL,DECLARATION
prev signal bar count,NM NM NM N,DECLARATION
previous stream id,NM NM N,DECLARATION
prim type,NM N,DECLARATION
processing level,NM N,DECLARATION
progress out,V N,DECLARATION
provider code,NM N,DECLARATION
r hdr,NM N,DECLARATION
raw extra interfaces,NM NM NPL,DECLARATION
raw nor,NM N,DECLARATION
rcp len 2,NM N D,DECLARATION
received token signature,NM NM N,DECLARATION
recorded matchers size,NM NM N,DECLARATION
rectangle index,NM N,DECLARATION
reduced json,NM N,DECLARATION
rem f,NM N,DECLARATION
repl module,NM N,DECLARATION
request bytes,NM NPL,DECLARATION
requested plugins,NM NPL,DECLARATION
rgb real,NM N,DECLARATION
root ptr,NM N,DECLARATION
rounded bounds,NM NPL,DECLARATION
rt stream ptr,NM NM N,DECLARATION
rtm session,NM N,DECLARATION
rules of new chain,N P NM N,DECLARATION
running log average,NM NM N,DECLARATION
s tracking system name,PRE NM NM N,DECLARATION
score pos prev,NM N NM,DECLARATION
selection bounds,NM NPL,DECLARATION
sentence list,NM N,DECLARATION
set prev ctx action,NM NM NM N,DECLARATION
simple fn ty,NM NM N,DECLARATION
sin rot w,NM NM N,DECLARATION
size guess,NM N,DECLARATION
size per span,N P N,DECLARATION
source index,NM N,DECLARATION
source ty,NM N,DECLARATION
src file info,NM NM N,DECLARATION
src start idx,NM NM N,DECLARATION
ssl creds,NM NPL,DECLARATION
static rect,NM N,DECLARATION
status file,NM N,DECLARATION
step size,NM N,DECLARATION
step x,NM N,DECLARATION
str args,NM NPL,DECLARATION
stream headers,NM NPL,DECLARATION
sub start,NM N,DECLARATION
supported style,NM N,DECLARATION
sz joint ranges,NM NM NPL,DECLARATION
tab overlap,NM N,DECLARATION
tagged resources,NM NPL,DECLARATION
target chars,NM NPL,DECLARATION
temp attrs,NM NPL,DECLARATION
text chopped 2,N NM D,DECLARATION
thread array size,NM NM N,DECLARATION
tmp vec,NM N,DECLARATION
to xyz,P N,DECLARATION
token data,NM N,DECLARATION
token store typed data,NM NM NM N,DECLARATION
token type s,NM NM N,DECLARATION
tranched loss after,NM N P,DECLARATION
transform unique id,NM NM N,DECLARATION
trim parse trees,V NM NPL,DECLARATION
tune treebank,NM N,DECLARATION
txt alias,NM N,DECLARATION
ui index,NM N,DECLARATION
update area,NM N,DECLARATION
use mat dirs,V NM NPL,DECLARATION
utc timestamp ms,NM NM NPL,DECLARATION
v proj axis,NM NM N,DECLARATION
v tok,NM N,DECLARATION
val size,NM N,DECLARATION
value count string,NM NM N,DECLARATION
value x,NM N,DECLARATION
var args,NM NPL,DECLARATION
vary fields,NM NPL,DECLARATION
verification over time,N P N,DECLARATION
wait until,V P,DECLARATION
wat id,NM N,DECLARATION
win error,NM N,DECLARATION
within vertically,P VM,DECLARATION
worst score,NM N,DECLARATION
wrapper class,NM N,DECLARATION
x 2,N D,DECLARATION
x distance,NM N,DECLARATION
add bezier curve,V NM N,FUNCTION
add log to stream,V N P N,FUNCTION
add object index,V NM N,FUNCTION
add ordered list,V NM N,FUNCTION
add unicode script codes to names,V NM NM NPL P NPL,FUNCTION
adjusted gradient,NM N,FUNCTION
after channel,P N,FUNCTION
all open files string,DT NM NM N,FUNCTION
append python style escaped code point,V NM N NM NM N,FUNCTION
append sequence,V N,FUNCTION
apply margin insets,V NM NPL,FUNCTION
ares expand name for response,PRE V N P N,FUNCTION
argb subtract row c,N V NM N,FUNCTION
assign lexer token types,V NM NM NPL,FUNCTION
aud sound envelope,PRE NM N,FUNCTION
b3 push profile timing,PRE V NM N,FUNCTION
biggest constructor,NM N,FUNCTION
binary search bytes,NM N NPL,FUNCTION
bke lattice index flip,PRE NM N V,FUNCTION
bli str r strip,PRE N VM V,FUNCTION
build group query,V NM N,FUNCTION
build lexer rule actions,V NM NM NPL,FUNCTION
calc lut,V N,FUNCTION
check gl support,V NM N,FUNCTION
check not interface,V VM N,FUNCTION
check not local,V VM N,FUNCTION
check sign,V N,FUNCTION
check t,V N,FUNCTION
check writeable,V NM,FUNCTION
choose document,V N,FUNCTION
class annotations,NM NPL,FUNCTION
clear active id,V NM N,FUNCTION
compare inverse and forward dynamics,V NM CJ NM NPL,FUNCTION
context url list,NM NM N,FUNCTION
convert to php namespace,V P NM N,FUNCTION
create duplicate change id,V NM NM N,FUNCTION
create in indices,V NM NPL,FUNCTION
create metadata array,V NM N,FUNCTION
create sub buffer,V NM N,FUNCTION
current slide,NM N,FUNCTION
curves,NPL,FUNCTION
declare component,V N,FUNCTION
deep stub,NM N,FUNCTION
delete,V,FUNCTION
delete input,V N,FUNCTION
determine strictness,V N,FUNCTION
dialog info update,NM N V,FUNCTION
dividend discount mother,NM NM N,FUNCTION
do forward,V V,FUNCTION
do install status,V NM N,FUNCTION
do login entry,V NM N,FUNCTION
do print after,V V P,FUNCTION
dump cemd cmd,V NM N,FUNCTION
dump core map to string builder,V NM N P NM N,FUNCTION
dump frame buffer formats,V NM NM NPL,FUNCTION
dynamic table index,NM NM N,FUNCTION
effective style,NM N,FUNCTION
emit address,V N,FUNCTION
enable background opacity,V NM N,FUNCTION
enable materials,V NPL,FUNCTION
expand headers from request,V NPL P N,FUNCTION
extract component,V N,FUNCTION
extract raw type of,V NM NM P,FUNCTION
fence,N,FUNCTION
find hashable base type,V NM NM N,FUNCTION
find source subdir,V NM N,FUNCTION
float,N,FUNCTION
follow component,V N,FUNCTION
format display name,V NM N,FUNCTION
from byte buffers,P NM NPL,FUNCTION
generate service descriptor property,V NM NM N,FUNCTION
get actual values,V NM NPL,FUNCTION
get artificial op prec rule,V NM NM NM N,FUNCTION
get binary side,V NM N,FUNCTION
get commit id,V NM N,FUNCTION
get completed,V NM,FUNCTION
get constant reference for protocol descriptor,V NM N P NM N,FUNCTION
get controller transform,V NM N,FUNCTION
get default atlasing attributes,V NM NM NPL,FUNCTION
get default install state,V NM NM N,FUNCTION
get diffuse colour,V NM N,FUNCTION
get display path,V NM N,FUNCTION
get dmf header,V NM N,FUNCTION
get error listeners,V NM NPL,FUNCTION
get failure timestamp,V NM N,FUNCTION
get id for name,V N P N,FUNCTION
get initial window size,V NM NM N,FUNCTION
get item type descriptor,V NM NM N,FUNCTION
get jf,V N,FUNCTION
get leftmost descendant,V NM N,FUNCTION
get longitude,V N,FUNCTION
get max shingle diff,V NM NM N,FUNCTION
get meta index,V NM N,FUNCTION
get msg send super ty,V NM NM NM N,FUNCTION
get number of transitions,V N P NPL,FUNCTION
get operations reads,V NM NPL,FUNCTION
get phrase 1,V N D,FUNCTION
get pid no exceptions,V N DT NPL,FUNCTION
get plane point,V NM N,FUNCTION
get raw arguments,V NM NPL,FUNCTION
get red adjust 2,V NM N D,FUNCTION
get related view data row double,V NM NM NM N NM,FUNCTION
get top border size,V NM NM N,FUNCTION
get working directory,V NM N,FUNCTION
get xcr 0,V N D,FUNCTION
gimp canvas rectangle set property,PRE NM N V N,FUNCTION
gimp devices check change,PRE NPL V V,FUNCTION
gimp eraser default,PRE N NM,FUNCTION
gimp filter tool set gyroscope,PRE NM N V N,FUNCTION
gimp image file get thumbnail,PRE NM N V N,FUNCTION
gimp param drawable id init,PRE NM NM N V,FUNCTION
gimp selection tool class init,PRE NM NM N V,FUNCTION
gimp status bar progress canceled,PRE NM NM N V,FUNCTION
gimp value set int32 array,PRE N V NM N,FUNCTION
gimp wire compare,PRE N V,FUNCTION
global scope,NM N,FUNCTION
gpencil primitive modal,NM NM N,FUNCTION
grpc chttp2 mark stream writable,PRE PRE V N NM,FUNCTION
grpc json writer value string,PRE NM NM NM N,FUNCTION
grpc sock addr make wildcards,PRE NM N V NPL,FUNCTION
handle if,V CJ,FUNCTION
has composite op,V NM N,FUNCTION
has view relative texture coordinate generation,V NM NM NM NM N,FUNCTION
ico load layer,PRE V N,FUNCTION
is blocked by shutdown,V V P N,FUNCTION
imb stereo3d read interlace,PRE NM V N,FUNCTION
in scc,P N,FUNCTION
inflation leg npv,NM NM N,FUNCTION
init for group,V P N,FUNCTION
initialize dual graph,V NM N,FUNCTION
is android,V N,FUNCTION
is canon,V N,FUNCTION
is conscrypt preferred,V N V,FUNCTION
is dependency changed,V N V,FUNCTION
is generic type disambiguating token,V NM NM NM N,FUNCTION
is stdlib module,V NM N,FUNCTION
is sum supported,V N V,FUNCTION
is valid trailing closure,V NM NM N,FUNCTION
keep readability only on descendants,V NM VM P NPL,FUNCTION
last gradient,NM N,FUNCTION
layer get composite mode invoker,NM V NM NM N,FUNCTION
lower boundary factor,NM NM N,FUNCTION
make html table,V NM N,FUNCTION
mark as fetching,V P V,FUNCTION
match by ip,V P N,FUNCTION
matches any parent categories,V DT NM NPL,FUNCTION
max draw buffers,NM NM NPL,FUNCTION
maximize all,V DT,FUNCTION
metadata snapshot,NM N,FUNCTION
new exchange,NM N,FUNCTION
next unassigned,NM NM,FUNCTION
nla invert combine value,NM V NM N,FUNCTION
node find output by name,N V N P N,FUNCTION
notify touch down,V NM N,FUNCTION
null passed to verify no more interactions,N V P V VM DT NPL,FUNCTION
nulls ok,NPL NM,FUNCTION
object with to string,N P P N,FUNCTION
of to binary,PRE P N,FUNCTION
on group call key sent,P NM NM N NM,FUNCTION
on implies,P V,FUNCTION
optimize identity cast composition,V NM NM N,FUNCTION
order with,V P,FUNCTION
palette poll,N V,FUNCTION
parent pairs,NM NPL,FUNCTION
parse attribute def,V NM N,FUNCTION
parse expires,V NPL,FUNCTION
parse max age,V NM N,FUNCTION
path with native separators,N P NM NPL,FUNCTION
png do strip channel,NM V V N,FUNCTION
png get row bytes,NM V NM NPL,FUNCTION
png get rows,NM V NPL,FUNCTION
png get unknown chunks,NM V NM NPL,FUNCTION
png init palette transformations,NM V NM NPL,FUNCTION
png read idat data,NM V NM N,FUNCTION
pnm load raw pfm,NM V NM N,FUNCTION
presentation start from first,N V P NM,FUNCTION
process helper,NM N,FUNCTION
push reset later,V N VM,FUNCTION
pybullet compute view matrix,PRE V NM N,FUNCTION
read element text span,V NM NM N,FUNCTION
read pass,V N,FUNCTION
read response,V N,FUNCTION
read subframe,V N,FUNCTION
read text file,V NM N,FUNCTION
read white space,V NM N,FUNCTION
reapply filter,V N,FUNCTION
register with volatility spread,V P NM N,FUNCTION
remap nearest neighbor,V NM N,FUNCTION
remove imported parent contexts,V NM NM NPL,FUNCTION
render result exr file end,V NM NM NM N,FUNCTION
render text,V N,FUNCTION
report no setter found,V DT N V,FUNCTION
repress ref at loc,V N P N,FUNCTION
require client auth,V NM N,FUNCTION
reset meta class cache,V NM NM N,FUNCTION
reset token stats,V NM NPL,FUNCTION
resize linear open cv,V NM NM N,FUNCTION
resize nearest neighbor,V NM N,FUNCTION
rgb 2 rgb565,N P N,FUNCTION
rgbx 2 bgrx,N P N,FUNCTION
run methods,V NPL,FUNCTION
sanitize path,V N,FUNCTION
saturated cast,NM N,FUNCTION
save as quadratic png,V P NM N,FUNCTION
send serial config,V NM N,FUNCTION
send string,V N,FUNCTION
session config,NM N,FUNCTION
set add faces points,V V NM NPL,FUNCTION
set canonical mention begin,V NM NM N,FUNCTION
set custom uniform 1 f,V NM N D NM,FUNCTION
set destructor callback,V NM N,FUNCTION
set display index,V NM N,FUNCTION
set extra interfaces,V NM NPL,FUNCTION
set frame pen,V NM N,FUNCTION
set invert,V N,FUNCTION
set layer texture name,V NM NM N,FUNCTION
set project naming strategy,V NM NM N,FUNCTION
set tiling,V N,FUNCTION
setup bounding box vertices,V NM NM NPL,FUNCTION
sha256 hash,NM N,FUNCTION
shader data to shader globals,NM NPL P NM NPL,FUNCTION
silk bw expander 32,NM NM N D,FUNCTION
simulate gc,V N,FUNCTION
skip whitespace and commas,V N CJ NPL,FUNCTION
speaker,N,FUNCTION
split argument list,V NM N,FUNCTION
sqlite3 session config,PRE N V,FUNCTION
sqlite3 walk expr list,PRE V NM N,FUNCTION
start matched count dec,V NM N V,FUNCTION
status icon,NM N,FUNCTION
stmt close,N V,FUNCTION
str array len,NM NM N,FUNCTION
strip left recursion,V NM N,FUNCTION
stroke attribute alpha get,NM NM N V,FUNCTION
target started,N V,FUNCTION
tegra morph init,PRE N V,FUNCTION
tessellate to mesh,V P N,FUNCTION
throw provision exception if errors exist,V NM N CJ NPL V,FUNCTION
tiff current tile,NM NM N,FUNCTION
tiff get size proc,NM V NM N,FUNCTION
tool view position,NM NM N,FUNCTION
training examples,NM NPL,FUNCTION
transform path,V N,FUNCTION
two factor response,NM NM N,FUNCTION
uncompress if needed,V CJ V,FUNCTION
unload textures,V NPL,FUNCTION
unpack texture blend func,V NM NM N,FUNCTION
update mouse pos,V NM N,FUNCTION
url from json,N P N,FUNCTION
v url encode,PRE N V,FUNCTION
validate class rules,V NM NPL,FUNCTION
validate public static void methods,V NM NM NM NPL,FUNCTION
verification started,N V,FUNCTION
verifier get mapping,N V N,FUNCTION
visit sil argument,V NM N,FUNCTION
widget destroyed,N V,FUNCTION
with charset,P N,FUNCTION
with cms leg rule,P NM NM N,FUNCTION
with market rate accuracy,P NM NM N,FUNCTION
with rate bound,P NM N,FUNCTION
with web socket upgrade,P NM NM N,FUNCTION
worker thread wait,NM N V,FUNCTION
world to screen,N P N,FUNCTION
wrap if not thread safe,V CJ VM NM N,FUNCTION
write node materials,V NM NPL,FUNCTION
write tcp data,V NM N,FUNCTION
x tilt,NM N,FUNCTION
a pos,PRE N,PARAMETER
abs deadline n sec value,NM NM NM NM N,PARAMETER
accelerometer data,NM N,PARAMETER
accepting tasks,NM NPL,PARAMETER
addr,N,PARAMETER
all factors,DT NPL,PARAMETER
alt name,NM N,PARAMETER
alternative cache name,NM NM N,PARAMETER
ambient coefficient,NM N,PARAMETER
animations data,NM NPL,PARAMETER
app id,NM N,PARAMETER
arg mismatch stubbings,NM NM NPL,PARAMETER
array class,NM N,PARAMETER
array struct value,NM NM N,PARAMETER
assigns,NPL,PARAMETER
auth result,NM N,PARAMETER
b d c,NM NM N,PARAMETER
b flip horizontally,PRE V VM,PARAMETER
b multi fullscreen,PRE NM N,PARAMETER
backprop training,NM N,PARAMETER
bibliography type,NM N,PARAMETER
block nr,NM N,PARAMETER
bone positions,NM NPL,PARAMETER
bound port,NM N,PARAMETER
breaker consumer,NM N,PARAMETER
bridged value fun arg,NM NM NM N,PARAMETER
brush hatch,NM N,PARAMETER
buf num,NM N,PARAMETER
build context,NM N,PARAMETER
build time minor,NM NM N,PARAMETER
built url,NM N,PARAMETER
byte array view,NM NM N,PARAMETER
c problem,NM N,PARAMETER
cache file,NM N,PARAMETER
call id,NM N,PARAMETER
cause matcher,NM N,PARAMETER
child statement,NM N,PARAMETER
classfile buffer,NM N,PARAMETER
cmd str,NM N,PARAMETER
code point to,NM N P,PARAMETER
color map,NM N,PARAMETER
comparison value,NM N,PARAMETER
concrete follower indices,NM NM NPL,PARAMETER
connection state,NM N,PARAMETER
content type string,NM NM N,PARAMETER
convex shapes,NM NPL,PARAMETER
current invocation,NM N,PARAMETER
current median,NM N,PARAMETER
current prefix,NM N,PARAMETER
current root,NM N,PARAMETER
curvatures height,NM N,PARAMETER
d mat,NM N,PARAMETER
data point method,NM NM N,PARAMETER
default,N,PARAMETER
default auto entry,NM NM N,PARAMETER
default mat x,NM NM N,PARAMETER
default open,NM N,PARAMETER
default role,NM N,PARAMETER
dep h,NM N,PARAMETER
desktop size,NM N,PARAMETER
dest points,NM NPL,PARAMETER
destroy with parent,V P N,PARAMETER
discount factor,NM N,PARAMETER
dispose,N,PARAMETER
do caps,V NPL,PARAMETER
docking area,NM N,PARAMETER
down sample,NM N,PARAMETER
driver type name,NM NM N,PARAMETER
dst map 2,NM N D,PARAMETER
echo path change,V NM N,PARAMETER
edit length,NM N,PARAMETER
encoded values,NM N,PARAMETER
end snapshot,NM N,PARAMETER
env name,NM N,PARAMETER
eps,N,PARAMETER
err ret,NM N,PARAMETER
esa,N,PARAMETER
excess workload,NM N,PARAMETER
existing symlink,NM N,PARAMETER
f tolerance,NM N,PARAMETER
file channel,NM N,PARAMETER
final response,NM N,PARAMETER
fine priority,NM N,PARAMETER
first type label,NM NM N,PARAMETER
flags classifier pair,NM NM N,PARAMETER
folder names,NM NPL,PARAMETER
force direct,V N,PARAMETER
frame,N,PARAMETER
frame pixel coords,NM NM NPL,PARAMETER
from server,P N,PARAMETER
full path,NM N,PARAMETER
func,N,PARAMETER
gauss lobatto eps,NM NM N,PARAMETER
get protocol method,NM NM N,PARAMETER
group role attribute,NM NM N,PARAMETER
grouping,N,PARAMETER
handle pos,NM N,PARAMETER
highlighter,N,PARAMETER
html file,NM N,PARAMETER
http2 error code,NM NM N,PARAMETER
i ar e,NM NM N,PARAMETER
i var initializer,NM NM N,PARAMETER
id a,NM N,PARAMETER
import g,NM N,PARAMETER
in,N,PARAMETER
in buffer,NM N,PARAMETER
inbound,NM,PARAMETER
index tensor,NM N,PARAMETER
inner angle,NM N,PARAMETER
institution,N,PARAMETER
int hex string,NM NM N,PARAMETER
ios,N,PARAMETER
is friend,V N,PARAMETER
is v,V NM,PARAMETER
is vaild,V NM,PARAMETER
key,N,PARAMETER
key frame 2,NM N D,PARAMETER
l b layer,NM NM N,PARAMETER
label op,NM N,PARAMETER
label pair,NM N,PARAMETER
labels,NPL,PARAMETER
labels file,NM N,PARAMETER
learned lop expert weights 2 d,NM NM NM NPL D N,PARAMETER
led color,NM N,PARAMETER
len r,NM N,PARAMETER
light dim,NM N,PARAMETER
line index mask len,NM NM NM N,PARAMETER
literal bucket,NM N,PARAMETER
locking,V,PARAMETER
lp binary path name,PRE NM NM N,PARAMETER
mapped color,NM N,PARAMETER
max intermediate cas,NM NM NPL,PARAMETER
max requests per host,NM NPL P N,PARAMETER
max scale f,NM NM N,PARAMETER
media chunk index,NM NM N,PARAMETER
method name prefixes,NM NM NPL,PARAMETER
min error,NM N,PARAMETER
min fresh,NM N,PARAMETER
min fresh seconds,NM NM NPL,PARAMETER
mkt factors,NM NPL,PARAMETER
mock creation settings,NM NM NPL,PARAMETER
n layers,NM NPL,PARAMETER
n shininess,NM N,PARAMETER
n vector,NM N,PARAMETER
named writeables,NM NPL,PARAMETER
new field type,NM NM N,PARAMETER
new files,NM NPL,PARAMETER
new verification mode,NM NM N,PARAMETER
next func,NM N,PARAMETER
next line,NM N,PARAMETER
nullable class,NM N,PARAMETER
num active contexts,NM NM NPL,PARAMETER
num factors,NM NPL,PARAMETER
num files,NM NPL,PARAMETER
num keys,NM NPL,PARAMETER
number str,NM N,PARAMETER
on connect,P N,PARAMETER
operator method decls,NM NM NPL,PARAMETER
ordered invocations,NM NPL,PARAMETER
original set,NM N,PARAMETER
out buf,NM N,PARAMETER
out table,NM N,PARAMETER
outer rule,NM N,PARAMETER
output array,NM N,PARAMETER
overlap,N,PARAMETER
own flags,NM NPL,PARAMETER
p global info 32,PRE NM N D,PARAMETER
packet sample count,NM NM N,PARAMETER
palette size,NM N,PARAMETER
parameter assignment,NM N,PARAMETER
parent field,NM N,PARAMETER
parent had big change,N V NM N,PARAMETER
parsing,V,PARAMETER
pass machine instructions,NM NM NPL,PARAMETER
pem key,NM N,PARAMETER
pen loaded,N V,PARAMETER
pi hash,PRE N,PARAMETER
point index,NM N,PARAMETER
polling log,NM N,PARAMETER
pre map,P N,PARAMETER
previous index,NM N,PARAMETER
previous initial value,NM NM N,PARAMETER
previous is valid,N V NM,PARAMETER
print label flag,NM NM N,PARAMETER
print t,V N,PARAMETER
progressive,N,PARAMETER
project file,NM N,PARAMETER
projects dir,NM N,PARAMETER
promises,NPL,PARAMETER
pronoun,N,PARAMETER
property interval set,NM NM N,PARAMETER
put watch request,NM NM N,PARAMETER
query timeout in ms,NM N P NPL,PARAMETER
question ast,NM N,PARAMETER
r,N,PARAMETER
radius,N,PARAMETER
random walk,NM N,PARAMETER
rate pointer,NM N,PARAMETER
read operation,NM N,PARAMETER
reader flags,NM NPL,PARAMETER
referee set map,NM NM N,PARAMETER
reference range,NM N,PARAMETER
refresh metric,NM N,PARAMETER
relative contrast,NM N,PARAMETER
remote cluster names,NM NM NPL,PARAMETER
res width,NM N,PARAMETER
reserve fn,NM N,PARAMETER
resume,V,PARAMETER
retain function,NM N,PARAMETER
rets,NPL,PARAMETER
return path,NM N,PARAMETER
rot axis,NM N,PARAMETER
rotation per second,N P N,PARAMETER
runner factory,NM N,PARAMETER
save dual cells,V NM NPL,PARAMETER
scene node type name,NM NM NM N,PARAMETER
search profile results,NM NM NPL,PARAMETER
secondary range,NM N,PARAMETER
separator color,NM N,PARAMETER
server list,NM N,PARAMETER
set protocol method,NM NM N,PARAMETER
settings,NPL,PARAMETER
sibling info,NM N,PARAMETER
size contents,NM NPL,PARAMETER
size on first use,N P NM N,PARAMETER
sorted indices buf,NM NM N,PARAMETER
speech in,NM N,PARAMETER
src gradient,NM N,PARAMETER
start dirs,NM NPL,PARAMETER
start slot,NM N,PARAMETER
start up fix cost,NM NM NM N,PARAMETER
status file,NM N,PARAMETER
strength,N,PARAMETER
subroutine slot name,NM NM N,PARAMETER
super method,NM N,PARAMETER
supplier class,NM N,PARAMETER
suppress file,V N,PARAMETER
table 2 id,N D N,PARAMETER
target,N,PARAMETER
tbl index,NM N,PARAMETER
tex id,NM N,PARAMETER
the invocation,DT N,PARAMETER
tick freq,NM N,PARAMETER
time range,NM N,PARAMETER
timeout task,NM N,PARAMETER
times to append last matcher,NPL P V NM N,PARAMETER
token within action,N P N,PARAMETER
top dir,NM N,PARAMETER
typed array,NM N,PARAMETER
underlying fx correlation,NM NM N,PARAMETER
undiscounted amount,NM N,PARAMETER
usage,N,PARAMETER
use shadows 1,V NPL D,PARAMETER
use tabs,V NPL,PARAMETER
utf8 size,NM N,PARAMETER
validate on,V P,PARAMETER
waiting list,NM N,PARAMETER
want x,V N,PARAMETER
will return last parameter,V V NM N,PARAMETER
word lemma tag,NM NM N,PARAMETER
wrapped verification,NM N,PARAMETER
write root,V N,PARAMETER
y in,NM N,PARAMETER
yield mvs,NM NPL,PARAMETER
z p i,NM NM N,PARAMETER
z probs,NM NPL,PARAMETER
zoom x y,NM N N,PARAMETER
transcript item,NM N,DECLARATION
written_matter item,NM N,DECLARATION
property,N,CLASS
dimension,N,CLASS
eglew android frame buffer mark,PRE PRE NM NM N,ATTRIBUTE
eglew android frame buffer prey,PRE PRE NM NM N,ATTRIBUTE
eglew android frame buffer quarry,PRE PRE NM NM N,ATTRIBUTE
eglew android frame buffer fair_game,PRE PRE NM NM N,ATTRIBUTE
eglew android frame buffer target_area,PRE PRE NM NM N,ATTRIBUTE
eglew android frame buffer butt,PRE PRE NM NM N,ATTRIBUTE
eglew android frame buffer aim,PRE PRE NM NM N,ATTRIBUTE
eglew android frame buffer object,PRE PRE NM NM N,ATTRIBUTE
eglew android frame buffer objective,PRE PRE NM NM N,ATTRIBUTE
tree component,NM N,CLASS
tree constituent,NM N,CLASS
tree factor,NM N,CLASS
tree ingredient,NM N,CLASS
tree chemical_element,NM N,CLASS
case 0,N D,DECLARATION
consequence 0,N D,DECLARATION
effect 0,N D,DECLARATION
outcome 0,N D,DECLARATION
result 0,N D,DECLARATION
issue 0,N D,DECLARATION
upshot 0,N D,DECLARATION
soap input size,NM NM N,DECLARATION
scoop input size,NM NM N,DECLARATION
liquid_ecstasy input size,NM NM N,DECLARATION
grievous_bodily_harm input size,NM NM N,DECLARATION
goop input size,NM NM N,DECLARATION
Georgia_home_boy input size,NM NM N,DECLARATION
easy_lay input size,NM NM N,DECLARATION
footnotes place,NM N,ATTRIBUTE
footnotes military_position,NM N,ATTRIBUTE
footnotes view,NM N,ATTRIBUTE
footnotes perspective,NM N,ATTRIBUTE
footnotes posture,NM N,ATTRIBUTE
footnotes attitude,NM N,ATTRIBUTE
footnotes status,NM N,ATTRIBUTE
footnotes post,NM N,ATTRIBUTE
footnotes berth,NM N,ATTRIBUTE
footnotes office,NM N,ATTRIBUTE
footnotes spot,NM N,ATTRIBUTE
footnotes billet,NM N,ATTRIBUTE
footnotes situation,NM N,ATTRIBUTE
footnotes spatial_relation,NM N,ATTRIBUTE
footnotes placement,NM N,ATTRIBUTE
footnotes location,NM N,ATTRIBUTE
footnotes locating,NM N,ATTRIBUTE
footnotes positioning,NM N,ATTRIBUTE
footnotes emplacement,NM N,ATTRIBUTE
footnotes stance,NM N,ATTRIBUTE
footnotes side,NM N,ATTRIBUTE
footnotes stead,NM N,ATTRIBUTE
footnotes lieu,NM N,ATTRIBUTE
liter b layer,NM NM N,PARAMETER
litre b layer,NM NM N,PARAMETER
cubic_decimeter b layer,NM NM N,PARAMETER
cubic_decimetre b layer,NM NM N,PARAMETER
fifty b layer,NM NM N,PARAMETER
50 b layer,NM NM N,PARAMETER
L b layer,NM NM N,PARAMETER
lambert b layer,NM NM N,PARAMETER
id reference,N NM,DECLARATION
id citation,N NM,DECLARATION
id cite,N NM,DECLARATION
id acknowledgment,N NM,DECLARATION
id credit,N NM,DECLARATION
id quotation,N NM,DECLARATION
id honorable_mention,N NM,DECLARATION
hoard body unbuffered,NM N NM,DECLARATION
stash body unbuffered,NM N NM,DECLARATION
memory_cache body unbuffered,NM N NM,DECLARATION
array counting propagation,NM NM N,CLASS
array numeration propagation,NM NM N,CLASS
array enumeration propagation,NM NM N,CLASS
array reckoning propagation,NM NM N,CLASS
array tally propagation,NM NM N,CLASS
activity view show master pages,NM N V NM NPL,ATTRIBUTE
activeness view show master pages,NM N V NM NPL,ATTRIBUTE
military_action view show master pages,NM N V NM NPL,ATTRIBUTE
natural_process view show master pages,NM N V NM NPL,ATTRIBUTE
natural_action view show master pages,NM N V NM NPL,ATTRIBUTE
action_mechanism view show master pages,NM N V NM NPL,ATTRIBUTE
legal_action view show master pages,NM N V NM NPL,ATTRIBUTE
action_at_law view show master pages,NM N V NM NPL,ATTRIBUTE
first infinite,NM N,DECLARATION
first outer_space,NM N,DECLARATION
first blank,NM N,DECLARATION
first distance,NM N,DECLARATION
first blank_space,NM N,DECLARATION
first place,NM N,DECLARATION
first quad,NM N,DECLARATION
hunt profile results,NM NM NPL,PARAMETER
hunting profile results,NM NM NPL,PARAMETER
lookup profile results,NM NM NPL,PARAMETER
ten origin,NM N,ATTRIBUTE
10 origin,NM N,ATTRIBUTE
X origin,NM N,ATTRIBUTE
tenner origin,NM N,ATTRIBUTE
decade origin,NM N,ATTRIBUTE
ex origin,NM N,ATTRIBUTE
Adam origin,NM N,ATTRIBUTE
ecstasy origin,NM N,ATTRIBUTE
XTC origin,NM N,ATTRIBUTE
go origin,NM N,ATTRIBUTE
disco_biscuit origin,NM N,ATTRIBUTE
cristal origin,NM N,ATTRIBUTE
hug_drug origin,NM N,ATTRIBUTE
widget destroy,N V,FUNCTION
widget destruct,N V,FUNCTION
widget ruin,N V,FUNCTION
widget demolish,N V,FUNCTION
widget put_down,N V,FUNCTION
default reply,NM N,ATTRIBUTE
default response,NM N,ATTRIBUTE
default solution,NM N,ATTRIBUTE
default result,NM N,ATTRIBUTE
default resolution,NM N,ATTRIBUTE
default solvent,NM N,ATTRIBUTE
measure no,NM N,ATTRIBUTE
footstep no,NM N,ATTRIBUTE
pace no,NM N,ATTRIBUTE
stride no,NM N,ATTRIBUTE
stair no,NM N,ATTRIBUTE
gradation no,NM N,ATTRIBUTE
stone's_throw no,NM N,ATTRIBUTE
footfall no,NM N,ATTRIBUTE
tone no,NM N,ATTRIBUTE
whole_tone no,NM N,ATTRIBUTE
whole_step no,NM N,ATTRIBUTE
footprint no,NM N,ATTRIBUTE
footmark no,NM N,ATTRIBUTE
dance_step no,NM N,ATTRIBUTE
position icon,NM N,FUNCTION
condition icon,NM N,FUNCTION
volt tok,NM N,DECLARATION
V tok,NM N,DECLARATION
vanadium tok,NM N,DECLARATION
atomic_number_23 tok,NM N,DECLARATION
five tok,NM N,DECLARATION
5 tok,NM N,DECLARATION
cinque tok,NM N,DECLARATION
quint tok,NM N,DECLARATION
quintet tok,NM N,DECLARATION
fivesome tok,NM N,DECLARATION
quintuplet tok,NM N,DECLARATION
pentad tok,NM N,DECLARATION
fin tok,NM N,DECLARATION
Phoebe tok,NM N,DECLARATION
Little_Phoebe tok,NM N,DECLARATION
hereafter active doc,NM NM N,DECLARATION
futurity active doc,NM NM N,DECLARATION
time_to_come active doc,NM NM N,DECLARATION
future_tense active doc,NM NM N,DECLARATION
d3d11 unsupported gpu plan,NM NM NM N,CLASS
d3d11 unsupported gpu programme,NM NM NM N,CLASS
d3d11 unsupported gpu broadcast,NM NM NM N,CLASS
d3d11 unsupported gpu platform,NM NM NM N,CLASS
d3d11 unsupported gpu political_platform,NM NM NM N,CLASS
d3d11 unsupported gpu political_program,NM NM NM N,CLASS
d3d11 unsupported gpu course_of_study,NM NM NM N,CLASS
d3d11 unsupported gpu curriculum,NM NM NM N,CLASS
d3d11 unsupported gpu syllabus,NM NM NM N,CLASS
d3d11 unsupported gpu computer_program,NM NM NM N,CLASS
d3d11 unsupported gpu computer_programme,NM NM NM N,CLASS
cluster update setting response,NM NM NM N,CLASS
cluster update scene response,NM NM NM N,CLASS
cluster update background response,NM NM NM N,CLASS
cluster update scope response,NM NM NM N,CLASS
cluster update mise_en_scene response,NM NM NM N,CLASS
cluster update stage_setting response,NM NM NM N,CLASS
cluster update context response,NM NM NM N,CLASS
cluster update circumstance response,NM NM NM N,CLASS
cluster update place_setting response,NM NM NM N,CLASS
cluster update mount response,NM NM NM N,CLASS
Cam rot z,NM NM N,DECLARATION
River_Cam rot z,NM NM N,DECLARATION
Cam_River rot z,NM NM N,DECLARATION
advise touch down,V NM N,FUNCTION
give_notice touch down,V NM N,FUNCTION
send_word touch down,V NM N,FUNCTION
apprise touch down,V NM N,FUNCTION
apprize touch down,V NM N,FUNCTION
altogether extra interfaces,NM NM NPL,DECLARATION
birthday_suit extra interfaces,NM NM NPL,DECLARATION
c mental_image,PRE N,CLASS
c persona,PRE N,CLASS
c picture,PRE N,CLASS
c icon,PRE N,CLASS
c ikon,PRE N,CLASS
c prototype,PRE N,CLASS
c paradigm,PRE N,CLASS
c epitome,PRE N,CLASS
c trope,PRE N,CLASS
c figure_of_speech,PRE N,CLASS
c figure,PRE N,CLASS
c double,PRE N,CLASS
c look-alike,PRE N,CLASS
c range,PRE N,CLASS
c range_of_a_function,PRE N,CLASS
c effigy,PRE N,CLASS
c simulacrum,PRE N,CLASS
nitrogen d,NM N,ATTRIBUTE
N d,NM N,ATTRIBUTE
atomic_number_7 d,NM N,ATTRIBUTE
north d,NM N,ATTRIBUTE
due_north d,NM N,ATTRIBUTE
northward d,NM N,ATTRIBUTE
newton d,NM N,ATTRIBUTE
normality d,NM N,ATTRIBUTE
check_up_on sign,V N,FUNCTION
look_into sign,V N,FUNCTION
check_out sign,V N,FUNCTION
suss_out sign,V N,FUNCTION
check_over sign,V N,FUNCTION
go_over sign,V N,FUNCTION
check_into sign,V N,FUNCTION
see sign,V N,FUNCTION
insure sign,V N,FUNCTION
see_to_it sign,V N,FUNCTION
ensure sign,V N,FUNCTION
control sign,V N,FUNCTION
ascertain sign,V N,FUNCTION
assure sign,V N,FUNCTION
hold_in sign,V N,FUNCTION
hold sign,V N,FUNCTION
contain sign,V N,FUNCTION
curb sign,V N,FUNCTION
moderate sign,V N,FUNCTION
check_off sign,V N,FUNCTION
mark sign,V N,FUNCTION
mark_off sign,V N,FUNCTION
tick_off sign,V N,FUNCTION
tick sign,V N,FUNCTION
retard sign,V N,FUNCTION
delay sign,V N,FUNCTION
match sign,V N,FUNCTION
fit sign,V N,FUNCTION
correspond sign,V N,FUNCTION
jibe sign,V N,FUNCTION
gibe sign,V N,FUNCTION
tally sign,V N,FUNCTION
agree sign,V N,FUNCTION
discipline sign,V N,FUNCTION
train sign,V N,FUNCTION
condition sign,V N,FUNCTION
checker sign,V N,FUNCTION
chequer sign,V N,FUNCTION
turn_back sign,V N,FUNCTION
arrest sign,V N,FUNCTION
stop sign,V N,FUNCTION
hold_back sign,V N,FUNCTION
determine sign,V N,FUNCTION
find_out sign,V N,FUNCTION
watch sign,V N,FUNCTION
learn sign,V N,FUNCTION
chink sign,V N,FUNCTION
crack sign,V N,FUNCTION
break sign,V N,FUNCTION
c combustion shader raster reference,PRE NM NM NM N,CLASS
c burn shader raster reference,PRE NM NM NM N,CLASS
c electrocution shader raster reference,PRE NM NM NM N,CLASS
c burning_at_the_stake shader raster reference,PRE NM NM NM N,CLASS
be v,V NM,PARAMETER
exist v,V NM,PARAMETER
equal v,V NM,PARAMETER
constitute v,V NM,PARAMETER
represent v,V NM,PARAMETER
make_up v,V NM,PARAMETER
comprise v,V NM,PARAMETER
follow v,V NM,PARAMETER
embody v,V NM,PARAMETER
personify v,V NM,PARAMETER
live v,V NM,PARAMETER
cost v,V NM,PARAMETER
observe leaks,V NPL,ATTRIBUTE
find leaks,V NPL,ATTRIBUTE
discover leaks,V NPL,ATTRIBUTE
notice leaks,V NPL,ATTRIBUTE
component spec,NM N,DECLARATION
constituent spec,NM N,DECLARATION
factor spec,NM N,DECLARATION
ingredient spec,NM N,DECLARATION
chemical_element spec,NM N,DECLARATION
get initial windowpane size,V NM NM N,FUNCTION
ko rgb u8 invert colour transformation,PRE NM NM NM NM N,CLASS
ko rgb u8 invert coloring transformation,PRE NM NM NM NM N,CLASS
ko rgb u8 invert colouring transformation,PRE NM NM NM NM N,CLASS
ko rgb u8 invert vividness transformation,PRE NM NM NM NM N,CLASS
ko rgb u8 invert coloration transformation,PRE NM NM NM NM N,CLASS
ko rgb u8 invert colouration transformation,PRE NM NM NM NM N,CLASS
ko rgb u8 invert people_of_color transformation,PRE NM NM NM NM N,CLASS
ko rgb u8 invert people_of_colour transformation,PRE NM NM NM NM N,CLASS
ko rgb u8 invert semblance transformation,PRE NM NM NM NM N,CLASS
ko rgb u8 invert gloss transformation,PRE NM NM NM NM N,CLASS
ko rgb u8 invert coloring_material transformation,PRE NM NM NM NM N,CLASS
ko rgb u8 invert colouring_material transformation,PRE NM NM NM NM N,CLASS
globals as members table subscriber info,NPL P NPL NM NM N,CLASS
globals as members table reviewer info,NPL P NPL NM NM N,CLASS
globals as members table referee info,NPL P NPL NM NM N,CLASS
globals as members table proofreader info,NPL P NPL NM NM N,CLASS
globals as members table lector info,NPL P NPL NM NM N,CLASS
globals as members table lecturer info,NPL P NPL NM NM N,CLASS
listing level,NM N,CLASS
tilt level,NM N,CLASS
inclination level,NM N,CLASS
lean level,NM N,CLASS
leaning level,NM N,CLASS
dialogue elements,NM NPL,CLASS
duologue elements,NM NPL,CLASS
embedded variant,NM N,ATTRIBUTE
embedded variation,NM N,ATTRIBUTE
embedded edition,NM N,ATTRIBUTE
embedded adaptation,NM N,ATTRIBUTE
embedded translation,NM N,ATTRIBUTE
embedded interlingual_rendition,NM N,ATTRIBUTE
embedded rendering,NM N,ATTRIBUTE
embedded interpretation,NM N,ATTRIBUTE
embedded reading,NM N,ATTRIBUTE
c astatine grayscale,PRE NM N,CLASS
c At grayscale,PRE NM N,CLASS
c atomic_number_85 grayscale,PRE NM N,CLASS
total merge throttled clip,NM NM NM N,ATTRIBUTE
total merge throttled clock_time,NM NM NM N,ATTRIBUTE
total merge throttled fourth_dimension,NM NM NM N,ATTRIBUTE
total merge throttled meter,NM NM NM N,ATTRIBUTE
total merge throttled metre,NM NM NM N,ATTRIBUTE
total merge throttled prison_term,NM NM NM N,ATTRIBUTE
total merge throttled sentence,NM NM NM N,ATTRIBUTE
discount component,NM N,PARAMETER
discount constituent,NM N,PARAMETER
discount element,NM N,PARAMETER
discount ingredient,NM N,PARAMETER
discount divisor,NM N,PARAMETER
discount agent,NM N,PARAMETER
discount broker,NM N,PARAMETER
discount gene,NM N,PARAMETER
discount cistron,NM N,PARAMETER
talker,N,FUNCTION
utterer,N,FUNCTION
verbalizer,N,FUNCTION
verbaliser,N,FUNCTION
loudspeaker,N,FUNCTION
speaker_unit,N,FUNCTION
loudspeaker_system,N,FUNCTION
speaker_system,N,FUNCTION
Speaker,N,FUNCTION
current microscope_slide,NM N,FUNCTION
current swoop,NM N,FUNCTION
current playground_slide,NM N,FUNCTION
current sliding_board,NM N,FUNCTION
current glide,NM N,FUNCTION
current coast,NM N,FUNCTION
current lantern_slide,NM N,FUNCTION
current chute,NM N,FUNCTION
current slideway,NM N,FUNCTION
current sloping_trough,NM N,FUNCTION
coerce direct,V N,PARAMETER
hale direct,V N,PARAMETER
squeeze direct,V N,PARAMETER
pressure direct,V N,PARAMETER
impel direct,V N,PARAMETER
push direct,V N,PARAMETER
thrust direct,V N,PARAMETER
wedge direct,V N,PARAMETER
drive direct,V N,PARAMETER
ram direct,V N,PARAMETER
pull direct,V N,PARAMETER
draw direct,V N,PARAMETER
storm direct,V N,PARAMETER
movie media animal_trainer,NM NM N,DECLARATION
movie media coach,NM NM N,DECLARATION
movie media manager,NM NM N,DECLARATION
slump client,NM N,CLASS
drop-off client,NM N,CLASS
falloff client,NM N,CLASS
falling_off client,NM N,CLASS
slack_water client,NM N,CLASS
mire client,NM N,CLASS
quagmire client,NM N,CLASS
quag client,NM N,CLASS
morass client,NM N,CLASS
slackness client,NM N,CLASS
gimp image data_file get thumbnail,PRE NM N V N,FUNCTION
gimp image single_file get thumbnail,PRE NM N V N,FUNCTION
gimp image Indian_file get thumbnail,PRE NM N V N,FUNCTION
gimp image file_cabinet get thumbnail,PRE NM N V N,FUNCTION
gimp image filing_cabinet get thumbnail,PRE NM N V N,FUNCTION
bridged economic_value fun arg,NM NM NM N,PARAMETER
bridged time_value fun arg,NM NM NM N,PARAMETER
bridged note_value fun arg,NM NM NM N,PARAMETER
len roentgen,NM N,PARAMETER
len R,NM N,PARAMETER
len gas_constant,NM N,PARAMETER
len universal_gas_constant,NM N,PARAMETER
len radius,NM N,PARAMETER
mp4 input_signal,NM N,CLASS
mp4 remark,NM N,CLASS
mp4 comment,NM N,CLASS
mp4 stimulation,NM N,CLASS
mp4 stimulus,NM N,CLASS
mp4 stimulant,NM N,CLASS
current supplication,NM N,PARAMETER
current conjuring,NM N,PARAMETER
current conjuration,NM N,PARAMETER
current conjury,NM N,PARAMETER
textual_matter chopped 2,N NM D,DECLARATION
textbook chopped 2,N NM D,DECLARATION
text_edition chopped 2,N NM D,DECLARATION
schoolbook chopped 2,N NM D,DECLARATION
school_text chopped 2,N NM D,DECLARATION
max nucleus,NM N,CLASS
max core_group,NM N,CLASS
max kernel,NM N,CLASS
max substance,NM N,CLASS
max center,NM N,CLASS
max centre,NM N,CLASS
max essence,NM N,CLASS
max gist,NM N,CLASS
max heart,NM N,CLASS
max heart_and_soul,NM N,CLASS
max inwardness,NM N,CLASS
max marrow,NM N,CLASS
max meat,NM N,CLASS
max nub,NM N,CLASS
max pith,NM N,CLASS
max sum,NM N,CLASS
max nitty-gritty,NM N,CLASS
max Congress_of_Racial_Equality,NM N,CLASS
max CORE,NM N,CLASS
max effect,NM N,CLASS
max burden,NM N,CLASS
max magnetic_core,NM N,CLASS
demo tags,V NPL,ATTRIBUTE
exhibit tags,V NPL,ATTRIBUTE
present tags,V NPL,ATTRIBUTE
demonstrate tags,V NPL,ATTRIBUTE
prove tags,V NPL,ATTRIBUTE
establish tags,V NPL,ATTRIBUTE
shew tags,V NPL,ATTRIBUTE
testify tags,V NPL,ATTRIBUTE
bear_witness tags,V NPL,ATTRIBUTE
evidence tags,V NPL,ATTRIBUTE
picture tags,V NPL,ATTRIBUTE
depict tags,V NPL,ATTRIBUTE
render tags,V NPL,ATTRIBUTE
express tags,V NPL,ATTRIBUTE
evince tags,V NPL,ATTRIBUTE
indicate tags,V NPL,ATTRIBUTE
point tags,V NPL,ATTRIBUTE
designate tags,V NPL,ATTRIBUTE
show_up tags,V NPL,ATTRIBUTE
read tags,V NPL,ATTRIBUTE
register tags,V NPL,ATTRIBUTE
record tags,V NPL,ATTRIBUTE
usher tags,V NPL,ATTRIBUTE
num active_agent contexts,NM NM NPL,PARAMETER
num active_voice contexts,NM NM NPL,PARAMETER
readjust token stats,V NM NPL,FUNCTION
file scheme archive,NM NM N,CLASS
file system_of_rules archive,NM NM N,CLASS
file arrangement archive,NM NM N,CLASS
file organization archive,NM NM N,CLASS
file organisation archive,NM NM N,CLASS
action to index function,N P NM N,ATTRIBUTE
action to index mathematical_function,N P NM N,ATTRIBUTE
action to index single-valued_function,N P NM N,ATTRIBUTE
action to index mapping,N P NM N,ATTRIBUTE
retain mathematical_function,NM N,PARAMETER
retain single-valued_function,NM N,PARAMETER
retain map,NM N,PARAMETER
retain mapping,NM N,PARAMETER
retain purpose,NM N,PARAMETER
retain role,NM N,PARAMETER
retain use,NM N,PARAMETER
retain office,NM N,PARAMETER
retain part,NM N,PARAMETER
retain affair,NM N,PARAMETER
retain occasion,NM N,PARAMETER
retain social_occasion,NM N,PARAMETER
retain social_function,NM N,PARAMETER
retain routine,NM N,PARAMETER
retain subroutine,NM N,PARAMETER
retain subprogram,NM N,PARAMETER
retain procedure,NM N,PARAMETER
reaction handlers,NM NPL,CLASS
answer handlers,NM NPL,CLASS
reply handlers,NM NPL,CLASS
reception handlers,NM NPL,CLASS
template preview picture data,NM NM NM NPL,CLASS
template preview image data,NM NM NM NPL,CLASS
template preview ikon data,NM NM NM NPL,CLASS
curvatures tallness,NM N,PARAMETER
curvatures acme,NM N,PARAMETER
curvatures elevation,NM N,PARAMETER
curvatures peak,NM N,PARAMETER
curvatures pinnacle,NM N,PARAMETER
curvatures summit,NM N,PARAMETER
curvatures superlative,NM N,PARAMETER
curvatures meridian,NM N,PARAMETER
curvatures tiptop,NM N,PARAMETER
curvatures top,NM N,PARAMETER
curvatures stature,NM N,PARAMETER
curvatures altitude,NM N,PARAMETER
command thymine,NM N,CLASS
command T,NM N,CLASS
command deoxythymidine_monophosphate,NM N,CLASS
command metric_ton,NM N,CLASS
command MT,NM N,CLASS
command tonne,NM N,CLASS
command triiodothyronine,NM N,CLASS
command liothyronine,NM N,CLASS
command thyroxine,NM N,CLASS
command thyroxin,NM N,CLASS
command tetraiodothyronine,NM N,CLASS
index_number to loc format,N P NM N,ATTRIBUTE
indicant to loc format,N P NM N,ATTRIBUTE
indicator to loc format,N P NM N,ATTRIBUTE
exponent to loc format,N P NM N,ATTRIBUTE
power to loc format,N P NM N,ATTRIBUTE
index_finger to loc format,N P NM N,ATTRIBUTE
forefinger to loc format,N P NM N,ATTRIBUTE
runner mill,NM N,PARAMETER
runner manufacturing_plant,NM N,PARAMETER
runner manufactory,NM N,PARAMETER
pitchfork iter,V N,DECLARATION
fork iter,V N,DECLARATION
branch iter,V N,DECLARATION
ramify iter,V N,DECLARATION
furcate iter,V N,DECLARATION
separate iter,V N,DECLARATION
effective manner,NM N,FUNCTION
effective mode,NM N,FUNCTION
effective way,NM N,FUNCTION
effective fashion,NM N,FUNCTION
effective expressive_style,NM N,FUNCTION
effective vogue,NM N,FUNCTION
effective trend,NM N,FUNCTION
effective dash,NM N,FUNCTION
effective elan,NM N,FUNCTION
effective flair,NM N,FUNCTION
effective panache,NM N,FUNCTION
effective stylus,NM N,FUNCTION
append object index,V NM N,FUNCTION
supply object index,V NM N,FUNCTION
lend object index,V NM N,FUNCTION
impart object index,V NM N,FUNCTION
bestow object index,V NM N,FUNCTION
contribute object index,V NM N,FUNCTION
bring object index,V NM N,FUNCTION
add_together object index,V NM N,FUNCTION
total object index,V NM N,FUNCTION
tot object index,V NM N,FUNCTION
tot_up object index,V NM N,FUNCTION
sum object index,V NM N,FUNCTION
sum_up object index,V NM N,FUNCTION
summate object index,V NM N,FUNCTION
tote_up object index,V NM N,FUNCTION
tally object index,V NM N,FUNCTION
add_up object index,V NM N,FUNCTION
file point delegate,NM NM N,CLASS
file detail delegate,NM NM N,CLASS
file particular delegate,NM NM N,CLASS
file token delegate,NM NM N,CLASS
piecewise constant abcd discrepancy,NM NM NM N,CLASS
piecewise constant abcd variant,NM NM NM N,CLASS
piecewise constant abcd division,NM NM NM N,CLASS
piecewise constant abcd disagreement,NM NM NM N,CLASS
piecewise constant abcd divergence,NM NM NM N,CLASS
piecewise constant abcd variability,NM NM NM N,CLASS
piecewise constant abcd variableness,NM NM NM N,CLASS
piecewise constant abcd variation,NM NM NM N,CLASS
get dmf headers,V NM NPL,FUNCTION
y ins,NM NPL,PARAMETER
get binary sides,V NM NPL,FUNCTION
pre maps,P NPL,PARAMETER
number starts,NM NPL,ATTRIBUTE
validator strategies,NM NPL,ATTRIBUTE
rule of new chains,NPL P NM NPL,DECLARATION
get controller transforms,V NM NPL,FUNCTION
feed adapters,NM NPL,ATTRIBUTE
local refs,NM NPL,CLASS
copy items,NM NPL,DECLARATION
sqlite3 walk expr lists,PRE V NM NPL,FUNCTION
class annotations,NM NPL,FUNCTION
face indexes,NM NPL,DECLARATION
refutable pattern initializations,NM NM NPL,CLASS
png read idat datas,NM V NM NPL,FUNCTION
v toks,NM NPL,DECLARATION
append sequences,V NPL,FUNCTION
html files,NM NPL,PARAMETER
log mixed linear cubic interpolations,NM NM NM NM NPL,CLASS
order with,V P,DECLARATION
apply rewriters,NM NPL,CLASS
waiting lists,NM NPL,PARAMETER
reader flags,NM NPL,PARAMETER
abstract build executions,NM NM NPL,CLASS
top dirs,NM NPL,PARAMETER
progressives,NPL,PARAMETER
m shadow receiver passes,PRE NM NM NPL,ATTRIBUTE
repl modules,NM NPL,DECLARATION
gen subjs,NM NPL,ATTRIBUTE
num active contexts,NM NM NPL,PARAMETER
aead crypter seals,NM NM NPL,DECLARATION
mask components,NM NPL,CLASS
float day counters,NM NM NPL,ATTRIBUTE
max work group sizes,NM NM NM NPL,ATTRIBUTE
speakers,NPL,FUNCTION
parts sizes,NM NPL,DECLARATION
languages to rules files,NPL P NM NPL,ATTRIBUTE
determine strictnesses,V NPL,FUNCTION
read white spaces,V NM NPL,FUNCTION
curr thread exceptions,NM NM NPL,DECLARATION
shift values,NM NPL,ATTRIBUTE
echo path changes,V NM NPL,PARAMETER
get numbers of transitions,V NPL P NPL,FUNCTION
initialize dual graphs,V NM NPL,FUNCTION
lp binary path names,PRE NM NM NPL,PARAMETER
cap times,NM NPL,DECLARATION
cache bodies unbuffered,NM NPL NM,DECLARATION
equals offsets,NM NPL,DECLARATION
unrestricted,NM,ATTRIBUTE
user hooks 3,NM NPL D,ATTRIBUTE
rtm sessions,NM NPL,DECLARATION
unpack texture blend funcs,V NM NM NPL,FUNCTION
w widths,NM NPL,ATTRIBUTE
operator method decls,NM NM NPL,PARAMETER
cmd strs,NM NPL,PARAMETER
alternative cache names,NM NM NPL,PARAMETER
validate class rules,V NM NPL,FUNCTION
max draw buffers,NM NM NPL,FUNCTION
stmts close,NPL V,FUNCTION
shader data to shader globals,NM NPL P NM NPL,FUNCTION
rotations per seconds,NPL P NPL,PARAMETER
dynamic table indexes,NM NM NPL,FUNCTION
factory classes,NM NPL,DECLARATION
default flags,NM NPL,ATTRIBUTE
is partials,V NPL,ATTRIBUTE
render texts,V NPL,FUNCTION
expect rows,NM NPL,DECLARATION
set inverts,V NPL,FUNCTION
suite methods,NM NPL,CLASS
fine priorities,NM NPL,PARAMETER
file descriptor protoes,NM NM NPL,ATTRIBUTE
verification strategies,NM NPL,ATTRIBUTE
read element text spans,V NM NM NPL,FUNCTION
get default atlasing attributes,V NM NM NPL,FUNCTION
rs compute operations,NM NM NPL,CLASS
from local aabb mins,P NM NM NPL,DECLARATION
has view relative texture coordinate generations,V NM NM NM NM NPL,FUNCTION
inner angles,NM NPL,PARAMETER
cell cursors,NM NPL,DECLARATION
configure timeouts,NM NPL,CLASS
data access repositories private,NM NM NPL NM,CLASS
c http2 connectors,PRE NM NPL,CLASS
len rs,NM NPL,PARAMETER
img stubs,NM NPL,DECLARATION
pointer maps,NM NPL,CLASS
idx us,NM NPL,DECLARATION
on group call keys sent,P NM NM NPL NM,FUNCTION
set protocol methods,NM NM NPL,PARAMETER
predicate wrappers,NM NPL,CLASS
area info dialog ts,NM NM NM NPL,CLASS
op code continuations,NM NM NPL,ATTRIBUTE
zero plane re,NM NM NPL,ATTRIBUTE
vary fields,NM NPL,DECLARATION
numbers of joysticks,NPL P NPL,DECLARATION
clip dist bugs,NM NM NPL,DECLARATION
times to append last matchers,NPL P V NM NPL,PARAMETER
new image heights,NM NM NPL,DECLARATION
groups by contexts,NPL P NPL,CLASS
current invocations,NM NPL,PARAMETER
get failure timestamps,V NM NPL,FUNCTION
accessor conformance infos,NM NM NPL,CLASS
i read files,NM NM NPL,CLASS
color maps,NM NPL,PARAMETER
reserve fns,NM NPL,PARAMETER
is androids,V NPL,FUNCTION
simple fn ties,NM NM NPL,DECLARATION
promises,NPL,PARAMETER
pybullet compute view matrixes,PRE V NM NPL,FUNCTION
super methods,NM NPL,PARAMETER
calibration phases,NM NPL,ATTRIBUTE
vals 32,NPL D,ATTRIBUTE
is friends,V NPL,PARAMETER
glew validate program pipelines,PRE V NM NPL,ATTRIBUTE
struct ties,NM NPL,ATTRIBUTE
grpc sock addrs make wildcards,PRE NM NPL V NPL,FUNCTION
esas,NPL,PARAMETER
debug policies,NM NPL,ATTRIBUTE
cmd output operation types,NM NM NM NPL,CLASS
implicit group keys,NM NM NPL,DECLARATION
repress refs at locs,V NPL P NPL,FUNCTION
get red adjusts 2,V NM NPL D,FUNCTION
accelerometer datas,NM NPL,PARAMETER
code exception messages,NM NM NPL,DECLARATION
ordered invocations,NM NPL,PARAMETER
spline max lens,NM NM NPL,ATTRIBUTE
http1 exchange codecs,NM NM NPL,CLASS
convex shapes,NM NPL,PARAMETER
skip whitespaces and commas,V NPL CJ NPL,FUNCTION
depth stencils as textures,NM NPL P NPL,ATTRIBUTE
png init palette transformations,NM V NM NPL,FUNCTION
action views show master pages,NM NPL V NM NPL,ATTRIBUTE
build group queries,V NM NPL,FUNCTION
max widths,NM NPL,ATTRIBUTE
relative contrasts,NM NPL,PARAMETER
run before params,V NM NPL,CLASS
outer rules,NM NPL,PARAMETER
grpc json writer value strings,PRE NM NM NM NPL,FUNCTION
new orders,NM NPL,DECLARATION
block nrs,NM NPL,PARAMETER
rs,NPL,PARAMETER
processing levels,NM NPL,DECLARATION
bm logs,NM NPL,ATTRIBUTE
timeout tasks,NM NPL,PARAMETER
text paint views,NM NM NPL,CLASS
enable materials,V NPL,FUNCTION
whole regexps,NM NPL,ATTRIBUTE
invalid state numbers,NM NM NPL,ATTRIBUTE
list levels,NM NPL,CLASS
indexes to loc formats,NPL P NM NPL,ATTRIBUTE
unregistered request matchers,NM NM NPL,ATTRIBUTE
next lines,NM NPL,PARAMETER
argbs subtract row cs,NPL V NM NPL,FUNCTION
f matchers,PRE NPL,ATTRIBUTE
wait until,V P,DECLARATION
handle if,V CJ,FUNCTION
strip left recursions,V NM NPL,FUNCTION
ares expand names for responses,PRE V NPL P NPL,FUNCTION
averages in bucket used slot counts,NPL P NM NM NM NPL,ATTRIBUTE
client certificates,NM NPL,DECLARATION
icy decoders,NM NPL,CLASS
controlled objects,NM NPL,CLASS
original mocking details,NM NM NPL,ATTRIBUTE
stacks,NPL,ATTRIBUTE
pref fonts,NM NPL,ATTRIBUTE
f co,NM NPL,DECLARATION
tool view positions,NM NM NPL,FUNCTION
accepting tasks,NM NPL,PARAMETER
process helpers,NM NPL,FUNCTION
is returns bridged,V NPL NM,ATTRIBUTE
ref point offset percents,NM NM NM NPL,ATTRIBUTE
module finders,NM NPL,ATTRIBUTE
array struct values,NM NM NPL,PARAMETER
a po,PRE NPL,PARAMETER
get related view data rows double,V NM NM NM NPL NM,FUNCTION
loaded mentions counts,NM NM NPL,DECLARATION
is blocked by shutdowns,V V P NPL,FUNCTION
destroy with parents,V P NPL,PARAMETER
subroutine slot names,NM NM NPL,PARAMETER
crf non linear log conditional objective functions,NM NM NM NM NM NM NPL,CLASS
mapped colors,NM NPL,PARAMETER
corr qcs,NM NPL,DECLARATION
first type labels,NM NM NPL,PARAMETER
module handlers,NM NPL,CLASS
check writeable,V NM,FUNCTION
fixed leg frequencies,NM NM NPL,DECLARATION
compiler items,NM NPL,CLASS
metadata snapshots,NM NPL,FUNCTION
min fresh seconds,NM NM NPL,PARAMETER
xes 2,NPL D,DECLARATION
noises 1,NPL D,DECLARATION
actual counts,NM NPL,ATTRIBUTE
b is playing,PRE V V,ATTRIBUTE
choose documents,V NPL,FUNCTION
compare inverse and forward dynamics,V NM CJ NM NPL,FUNCTION
risky annuities,NM NPL,ATTRIBUTE
quotes,NPL,CLASS
child locations,NM NPL,CLASS
resume,V,PARAMETER
default looks,NM NPL,DECLARATION
byte array views,NM NM NPL,PARAMETER
uuids,NPL,ATTRIBUTE
txt aliases,NM NPL,DECLARATION
main classes,NM NPL,CLASS
tlv symbols,NM NPL,ATTRIBUTE
identifier quarks,NM NPL,DECLARATION
bind matrixes,NM NPL,DECLARATION
qr detects,NM NPL,CLASS
get error listeners,V NM NPL,FUNCTION
items per seconds,NPL P NPL,DECLARATION
default answers,NM NPL,ATTRIBUTE
pass machine instructions,NM NM NPL,PARAMETER
child categories,NM NPL,DECLARATION
fingerprint dialogs,NM NPL,ATTRIBUTE
refresh intervals in millis,NM NPL P NPL,ATTRIBUTE
tot elems,NM NPL,ATTRIBUTE
get operations reads,V NM NPL,FUNCTION
gimp image files get thumbnails,PRE NM NPL V NPL,FUNCTION
verifications started,NPL V,FUNCTION
navs visible,NPL NM,ATTRIBUTE
tables 2 ids,NPL D NPL,PARAMETER
all open indices,DT NM NPL,DECLARATION
append python styles escaped code points,V NM NPL NM NM NPL,FUNCTION
explicit euler schemes,NM NM NPL,CLASS
rot axes,NM NPL,PARAMETER
set custom uniforms 1 f,V NM NPL D NM,FUNCTION
of android objects,PRE NM NPL,CLASS
win errors,NM NPL,DECLARATION
s tracking system names,PRE NM NM NPL,DECLARATION
eglew create platform window surfaces,PRE V NM NM NPL,ATTRIBUTE
active copies,NM NPL,ATTRIBUTE
dual con input readers,NM NM NM NPL,CLASS
handled boxes,NM NPL,ATTRIBUTE
install uncaught exception handlers,V NM NM NPL,CLASS
layer sizes,NM NPL,DECLARATION
minimum supported versions,NM NM NPL,CLASS
f tolerances,NM NPL,PARAMETER
key statuses,NM NPL,CLASS
generate rule bypass transitions,V NM NM NPL,DECLARATION
pronouns,NPL,PARAMETER
dynamic textured cube demos,NM NM NM NPL,CLASS
with cms leg rules,P NM NM NPL,FUNCTION
parallel computers,NM NPL,CLASS
move rbt surgeons,NM NM NPL,ATTRIBUTE
im out shapes,NM NM NPL,ATTRIBUTE
actions to index maps,NPL P NM NPL,ATTRIBUTE
lsm basis systems,NM NM NPL,CLASS
replace text contexts,NM NM NPL,ATTRIBUTE
gimp canvas rectangles set properties,PRE NM NPL V NPL,FUNCTION
keep aspects,V NPL,ATTRIBUTE
kinects copies,NM NPL,DECLARATION
mapped labels,NM NPL,DECLARATION
separator colors,NM NPL,PARAMETER
palettes poll,NPL V,FUNCTION
gimp filter tools set gyroscopes,PRE NM NPL V NPL,FUNCTION
depth cbs,NM NPL,ATTRIBUTE
tsurgeon parse exceptions,NM NM NPL,CLASS
use shadows 1,V NPL D,PARAMETER
parsing,V,PARAMETER
x tilts,NM NPL,FUNCTION
label casefolds,NM NPL,DECLARATION
mock refs,NM NPL,ATTRIBUTE
bt collision shapes,PRE NM NPL,CLASS
int hex strings,NM NM NPL,PARAMETER
rest clients,NM NPL,CLASS
set canonical mention begins,V NM NM NPL,FUNCTION
convert to php namespaces,V P NM NPL,FUNCTION
mtxes,NPL,ATTRIBUTE
requested plugins,NM NPL,DECLARATION
dst maps 2,NM NPL D,PARAMETER
cores,NPL,ATTRIBUTE
numbering paths,NM NPL,DECLARATION
c d3d9 render targets,PRE NM NM NPL,CLASS
worlds to screens,NPL P NPL,FUNCTION
m resources,PRE NPL,ATTRIBUTE
learned lop expert weights 2 ds,NM NM NM NPL D NPL,PARAMETER
rule member validators,NM NM NPL,CLASS
locations,NPL,ATTRIBUTE
max scale fs,NM NM NPL,PARAMETER
file channels,NM NPL,PARAMETER
set prev ctx actions,NM NM NM NPL,DECLARATION
set display indexes,V NM NPL,FUNCTION
executors,NPL,DECLARATION
verifiers get mappings,NPL V NPL,FUNCTION
network security policies,NM NM NPL,DECLARATION
biggest constructors,NM NPL,FUNCTION
b3 push profile timings,PRE V NM NPL,FUNCTION
formats ok,NPL NM,DECLARATION
rt stream ptrs,NM NM NPL,DECLARATION
run dist cmd props,NM NM NM NPL,ATTRIBUTE
num files,NM NPL,PARAMETER
property interval sets,NM NM NPL,PARAMETER
jflex dummy lexers,PRE NM NPL,CLASS
previous initial values,NM NM NPL,PARAMETER
set project naming strategies,V NM NM NPL,FUNCTION
down samples,NM NPL,PARAMETER
rate pointers,NM NPL,PARAMETER
create duplicate change ids,V NM NM NPL,FUNCTION
parent fields,NM NPL,PARAMETER
idp configurations,NM NPL,DECLARATION
src gradients,NM NPL,PARAMETER
address type ipv4s,NM NM NPL,ATTRIBUTE
nulls ok,NPL NM,FUNCTION
inet socket addresses,NM NM NPL,ATTRIBUTE
f context lengths,PRE NM NPL,ATTRIBUTE
received token signatures,NM NM NPL,DECLARATION
color maps,NM NPL,CLASS
geometry interfaces,NM NPL,CLASS
tick freqs,NM NPL,PARAMETER
new exchanges,NM NPL,FUNCTION
grpc chttp2 mark streams writable,PRE PRE V NPL NM,FUNCTION
tex ids,NM NPL,PARAMETER
previous indexes,NM NPL,PARAMETER
f m ms,NM NM NPL,DECLARATION
m post fixes,PRE NM NPL,ATTRIBUTE
stochastic processes,NM NPL,CLASS
rs stencil operations,NM NM NPL,CLASS
from byte buffers,P NM NPL,FUNCTION
value xes,NM NPL,DECLARATION
src start idxes,NM NM NPL,DECLARATION
buf nums,NM NPL,PARAMETER
context token list indexed getter decls,NM NM NM NM NM NPL,CLASS
speech ins,NM NPL,PARAMETER
have masks,V NPL,DECLARATION
question asts,NM NPL,PARAMETER
return paths,NM NPL,PARAMETER
id some,NM NPL,PARAMETER
save dual cells,V NM NPL,PARAMETER
cone translations,NM NPL,DECLARATION
angles in radians,NPL P NPL,DECLARATION
attribute decls,NM NPL,ATTRIBUTE
start matched counts dec,V NM NPL V,FUNCTION
m remove user data response args,PRE NM NM NM NM NPL,ATTRIBUTE
is stdlib modules,V NM NPL,FUNCTION
c burning shader raster references,PRE NM NM NM NPL,CLASS
atoms,NPL,ATTRIBUTE
out bufs,NM NPL,PARAMETER
rule options,NM NPL,ATTRIBUTE
do print after,V V P,FUNCTION
default blocked item comparators,NM NM NM NPL,DECLARATION
ares dns resolvers,NM NM NPL,CLASS
file item delegates,NM NM NPL,CLASS
transform paths,V NPL,FUNCTION
free positions,NM NPL,DECLARATION
target chars,NM NPL,DECLARATION
get plane points,V NM NPL,FUNCTION
add unicode script codes to names,V NM NM NPL P NPL,FUNCTION
fast load successes,VM V NPL,DECLARATION
wat ids,NM NPL,DECLARATION
pem keys,NM NPL,PARAMETER
print ts,V NPL,PARAMETER
cam rot zzes,NM NM NPL,DECLARATION
num axis events,NM NM NPL,ATTRIBUTE
get actual values,V NM NPL,FUNCTION
m previews started,PRE NPL NM,ATTRIBUTE
uncompress if needed,V CJ V,FUNCTION
extra inhabitants masks,NM NM NPL,DECLARATION
line index mask lens,NM NM NM NPL,PARAMETER
use mat dirs,V NM NPL,DECLARATION
id lumninance mins,NM NM NPL,ATTRIBUTE
on item long click listeners,P NM NM NM NPL,ATTRIBUTE
c animated mesh scene nodes,PRE NM NM NM NPL,CLASS
finished normally,V VM,DECLARATION
m line dash offsets,PRE NM NM NPL,ATTRIBUTE
throw provision exceptions if errors exist,V NM NPL CJ NPL V,FUNCTION
buffers,NPL,ATTRIBUTE
inbound,NM,PARAMETER
resize nearest neighbors,V NM NPL,FUNCTION
num primes,NM NPL,DECLARATION
caplet variance curves,NM NM NPL,CLASS
ches,NPL,DECLARATION
split argument lists,V NM NPL,FUNCTION
gimp devices check change,PRE NPL V V,FUNCTION
m zoom controllers,PRE NM NPL,ATTRIBUTE
is conscrypts preferred,V NPL V,FUNCTION
force directs,V NPL,PARAMETER
silk bw expanders 32,NM NM NPL D,FUNCTION
create in indices,V NM NPL,FUNCTION
suppress files,V NPL,PARAMETER
control points,NM NPL,DECLARATION
reset meta class caches,V NM NM NPL,FUNCTION
matcher builders,NM NPL,ATTRIBUTE
require client auths,V NM NPL,FUNCTION
temp comp masks,NM NM NPL,CLASS
formatted texts,NM NPL,CLASS
edit counts,NM NPL,ATTRIBUTE
joint starts,NM NPL,DECLARATION
response handlers,NM NPL,CLASS
backprop trainings,NM NPL,PARAMETER
m annotations,PRE NPL,ATTRIBUTE
attrs,NPL,DECLARATION
layer get composite mode invokers,NM V NM NM NPL,FUNCTION
index prefixes with templates,NM NPL P NPL,ATTRIBUTE
fixed cams,NM NPL,DECLARATION
end snapshots,NM NPL,PARAMETER
check gl supports,V NM NPL,FUNCTION
make html tables,V NM NPL,FUNCTION
embedded versions,NM NPL,ATTRIBUTE
n shininesses,NM NPL,PARAMETER
m window widths,PRE NM NPL,ATTRIBUTE
melanin of,NM NPL,DECLARATION
referee set maps,NM NM NPL,PARAMETER
get pids no exceptions,V NPL DT NPL,FUNCTION
creds,NPL,ATTRIBUTE
deep stubs,NM NPL,FUNCTION
non greedy states builders,NM NM NM NPL,DECLARATION
quads,NPL,CLASS
piecewise constant abcd variances,NM NM NM NPL,CLASS
num body parts,NM NM NPL,ATTRIBUTE
recorded matchers sizes,NM NM NPL,DECLARATION
tessellate to meshes,V P NPL,FUNCTION
minimized random fas,NM NM NPL,DECLARATION
binary searches bytes,NM NPL NPL,FUNCTION
worst scores,NM NPL,DECLARATION
institutions,NPL,PARAMETER
lhs components,NM NPL,DECLARATION
polling logs,NM NPL,PARAMETER
step noes,NM NPL,ATTRIBUTE
field offset vectors,NM NM NPL,DECLARATION
parameter assignments,NM NPL,PARAMETER
random walks,NM NPL,PARAMETER
voronoi fracture demos,NM NM NPL,CLASS
reset token stats,V NM NPL,FUNCTION
tiff current tiles,NM NM NPL,FUNCTION
total merge throttled times,NM NM NM NPL,ATTRIBUTE
token property ref channels,NM NM NM NPL,CLASS
clause matrixes,NM NPL,CLASS
index data,NM NPL,ATTRIBUTE
reference index meta datas,NM NM NM NPL,ATTRIBUTE
write node materials,V NM NPL,FUNCTION
strengths,NPL,PARAMETER
word lemma tags,NM NM NPL,PARAMETER
selection bounds,NM NPL,DECLARATION
set layer texture names,V NM NM NPL,FUNCTION
within vertically,P VM,DECLARATION
stores,NPL,CLASS
anchor names,NM NPL,DECLARATION
enum counts,NM NPL,DECLARATION
excess workloads,NM NPL,PARAMETER
cluster update settings responses,NM NM NM NPL,CLASS
get artificial op prec rules,V NM NM NM NPL,FUNCTION
get display paths,V NM NPL,FUNCTION
parse expires,V NPL,FUNCTION
encoded value,NM NPL,PARAMETER
rectangle indexes,NM NPL,DECLARATION
curves,NPL,FUNCTION
sz joint ranges,NM NM NPL,DECLARATION
more,DT,ATTRIBUTE
scene node type names,NM NM NM NPL,PARAMETER
jnt array accs,NM NM NPL,CLASS
read bitstreams,V NPL,CLASS
check not locals,V VM NPL,FUNCTION
c file read callbacks,PRE NM NM NPL,CLASS
eglew android frame buffer targets,PRE PRE NM NM NPL,ATTRIBUTE
yield mvs,NM NPL,PARAMETER
env vars slave info display names,NM NM NM NM NM NPL,CLASS
tokens within actions,NPL P NPL,PARAMETER
stroke attribute alphas get,NM NM NPL V,FUNCTION
set tilings,V NPL,FUNCTION
pnm load raw pfms,NM V NM NPL,FUNCTION
outs d g,NPL NM NM,DECLARATION
m references,PRE NPL,ATTRIBUTE
proof profiles,NM NPL,ATTRIBUTE
c image writers jpg,PRE NM NPL NM,CLASS
is first frames,V NM NPL,ATTRIBUTE
provider codes,NM NPL,DECLARATION
get constant references for protocol descriptors,V NM NPL P NM NPL,FUNCTION
verification mode factories,NM NM NPL,CLASS
objects with to strings,NPL P P NPL,FUNCTION
read subframes,V NPL,FUNCTION
strictness selectors,NM NPL,CLASS
rule version attributes,NM NM NPL,CLASS
m sbufs,PRE NPL,ATTRIBUTE
is nodes a left child leaves,V NPL DT NM NM NPL,DECLARATION
mp4 inputs,NM NPL,CLASS
processes,NPL,CLASS
disk lru caches,NM NM NPL,CLASS
byte counts,NM NPL,DECLARATION
with market rate accuracies,P NM NM NPL,FUNCTION
point indexes,NM NPL,PARAMETER
extract components,V NPL,FUNCTION
m execute on hosts,PRE V P NPL,ATTRIBUTE
of to binaries,PRE P NPL,FUNCTION
bibliography types,NM NPL,PARAMETER
get meta indexes,V NM NPL,FUNCTION
maximize all,V DT,FUNCTION
in caches,P NPL,DECLARATION
clang can ties,PRE NM NPL,DECLARATION
ko rgb u8 invert color transformations,PRE NM NM NM NM NPL,CLASS
sin rot ws,NM NM NPL,DECLARATION
print events,NM NPL,CLASS
base transforms,NM NPL,DECLARATION
final responses,NM NPL,PARAMETER
value count strings,NM NM NPL,DECLARATION
score po prev,NM NPL NM,DECLARATION
tot channels,NM NPL,ATTRIBUTE
paths with native separators,NPL P NM NPL,FUNCTION
dividend discount mothers,NM NM NPL,FUNCTION
tbl indexes,NM NPL,PARAMETER
docking areas,NM NPL,PARAMETER
get diffuse colours,V NM NPL,FUNCTION
inverted directions,NM NPL,DECLARATION
sha256 hashes,NM NPL,FUNCTION
get jfs,V NPL,FUNCTION
equals builders,NM NPL,DECLARATION
aud sound envelopes,PRE NM NPL,FUNCTION
parents,NPL,ATTRIBUTE
is first capitals,V NM NPL,ATTRIBUTE
byte srcs,NM NPL,DECLARATION
transform unique ids,NM NM NPL,DECLARATION
targets,NPL,PARAMETER
inner alphas,NM NPL,ATTRIBUTE
previous stream ids,NM NM NPL,DECLARATION
session configs,NM NPL,FUNCTION
value hashes,NM NPL,ATTRIBUTE
certificate chain cleaners,NM NM NPL,ATTRIBUTE
method name prefixes,NM NM NPL,PARAMETER
r hdrs,NM NPL,DECLARATION
values,NPL,CLASS
cbor x contents,NM NM NPL,CLASS
z probs,NM NPL,PARAMETER
best styles,NM NPL,DECLARATION
footnotes positions,NM NPL,ATTRIBUTE
expected exceptions,NM NPL,CLASS
min freshes,NM NPL,PARAMETER
gimp param drawable ids init,PRE NM NM NPL V,FUNCTION
ssl creds,NM NPL,DECLARATION
reference ranges,NM NPL,PARAMETER
on connects,P NPL,PARAMETER
stubbing comparators,NM NPL,CLASS
logger name parts,NM NM NPL,DECLARATION
follow components,V NPL,FUNCTION
const parameter floats,NM NM NPL,CLASS
mockito assertion errors,PRE NM NPL,CLASS
publish responses,NM NPL,CLASS
less dummy gui helpers,NM NM NM NPL,CLASS
new strokes,NM NPL,ATTRIBUTE
driver type names,NM NM NPL,PARAMETER
key password profiles,NM NM NPL,ATTRIBUTE
followups,NPL,DECLARATION
sub module name visibility pairs,NM NM NM NM NPL,ATTRIBUTE
ori ws,NM NPL,DECLARATION
thread array sizes,NM NM NPL,DECLARATION
trim parse trees,V NM NPL,DECLARATION
layout datas,NM NPL,CLASS
nulls passed to verify no more interactions,NPL V P V VM DT NPL,FUNCTION
platform strings,NM NPL,DECLARATION
device handlers,NM NPL,CLASS
is indirect results,V NM NPL,ATTRIBUTE
wsdls solvers,NM NPL,CLASS
inv unit scales,NM NM NPL,DECLARATION
new verification modes,NM NM NPL,PARAMETER
rule property ref ctxes,NM NM NM NPL,CLASS
line ys,NM NPL,DECLARATION
running log averages,NM NM NPL,DECLARATION
d bus proxies,NM NM NPL,CLASS
next unassigned,NM NM,FUNCTION
num keys,NM NPL,PARAMETER
prim types,NM NPL,DECLARATION
cause matchers,NM NPL,PARAMETER
avgs 1,NPL D,DECLARATION
index tensors,NM NPL,PARAMETER
generic type extractors,NM NM NPL,CLASS
ep,NPL,PARAMETER
default auto entries,NM NM NPL,PARAMETER
detect leaks,V NPL,ATTRIBUTE
unload textures,V NPL,FUNCTION
camera datas,NM NPL,CLASS
read responses,V NPL,FUNCTION
curvatures heights,NM NPL,PARAMETER
multipolygons,NPL,CLASS
discount factors,NM NPL,PARAMETER
nd formulas,NM NPL,DECLARATION
indexes of suspicious args,NPL P NM NPL,DECLARATION
contextualize closures,V NPL,CLASS
runner factories,NM NPL,PARAMETER
m workers,PRE NPL,ATTRIBUTE
patch coord buffers,NM NM NPL,CLASS
present scalings,NM NPL,DECLARATION
n repeats,NM NPL,DECLARATION
underlying fx correlations,NM NM NPL,PARAMETER
weak ref losts,NM NM NPL,ATTRIBUTE
new aggregate builder maps,NM NM NM NPL,CLASS
tiff get size procs,NM V NM NPL,FUNCTION
find hashable base types,V NM NM NPL,FUNCTION
res widths,NM NPL,PARAMETER
mx beans,NM NPL,DECLARATION
lower tails,NM NPL,DECLARATION
alt label ctxs,NM NM NPL,ATTRIBUTE
set extra interfaces,V NM NPL,FUNCTION
http2 error codes,NM NM NPL,PARAMETER
left sisters buffers,NM NM NPL,DECLARATION
is a empties,V DT NPL,DECLARATION
content type strings,NM NM NPL,PARAMETER
dynamic table byte counts,NM NM NM NPL,ATTRIBUTE
nodes find outputs by names,NPL V NPL P NPL,FUNCTION
loggers,NPL,ATTRIBUTE
tcp slave agent listener locks,NM NM NM NM NPL,ATTRIBUTE
ambients,NPL,ATTRIBUTE
add biases to embeddings,V NPL P NPL,ATTRIBUTE
get top border sizes,V NM NM NPL,FUNCTION
default mat xes,NM NM NPL,PARAMETER
m text types,PRE NM NPL,ATTRIBUTE
gimp selection tool classes init,PRE NM NM NPL V,FUNCTION
project controllers private,NM NPL NM,CLASS
texts chopped 2,NPL NM D,DECLARATION
latency args,NM NPL,ATTRIBUTE
atn states,NM NPL,DECLARATION
media chunk indexes,NM NM NPL,PARAMETER
get protocol methods,NM NM NPL,PARAMETER
inst results,NM NPL,DECLARATION
get max shingle diffs,V NM NM NPL,FUNCTION
raw extra interfaces,NM NM NPL,DECLARATION
dispatch paint masks,NM NM NPL,CLASS
all factors,DT NPL,PARAMETER
dump core maps to string builders,V NM NPL P NM NPL,FUNCTION
key frames 2,NM NPL D,PARAMETER
p global infos 32,PRE NM NPL D,PARAMETER
dialog elements,NM NPL,CLASS
generate service descriptor properties,V NM NM NPL,FUNCTION
enable background opacities,V NM NPL,FUNCTION
resize linear open cvs,V NM NM NPL,FUNCTION
max buffer sizes,NM NM NPL,ATTRIBUTE
reconstruct update callbacks,NM NM NPL,CLASS
link urls,NM NPL,DECLARATION
basic replication requests,NM NM NPL,CLASS
is vaild,V NM,PARAMETER
is bridged arguments,V NM NPL,ATTRIBUTE
eglew khr stream fifoes,PRE PRE NM NPL,ATTRIBUTE
animations data,NM NPL,PARAMETER
future active docs,NM NM NPL,DECLARATION
min font sizes,NM NM NPL,ATTRIBUTE
action translators,NM NPL,CLASS
rgbxes 2 bgrxes,NPL P NPL,FUNCTION
nbr gaps,NM NPL,DECLARATION
label actions,NM NPL,CLASS
context url lists,NM NM NPL,FUNCTION
mention detection evaluators,NM NM NPL,CLASS
alts and context config equality comparators,NPL CJ NM NM NM NPL,CLASS
patterns annotations,NM NPL,CLASS
file path filters,NM NM NPL,CLASS
idle delays,NM NPL,ATTRIBUTE
content paths,NM NPL,CLASS
sibling infos,NM NPL,PARAMETER
executors,NPL,CLASS
pens loaded,NPL V,PARAMETER
last tokens was deletes or defaults,NM NPL V NPL CJ NPL,DECLARATION
out tables,NM NPL,PARAMETER
su times,NM NPL,CLASS
glew render modes,PRE NM NPL,ATTRIBUTE
is valid trailing closures,V NM NM NPL,FUNCTION
runner schedulers,NM NPL,CLASS
rule property ref starts,NM NM NM NPL,CLASS
ico load layers,PRE V NPL,FUNCTION
temp attrs,NM NPL,DECLARATION
pai args,NM NPL,DECLARATION
maps,NPL,CLASS
remap nearest neighbors,V NM NPL,FUNCTION
link names,NM NPL,ATTRIBUTE
pd sums,NM NPL,DECLARATION
undiscounted amounts,NM NPL,PARAMETER
enabled subdevices,NM NPL,ATTRIBUTE
original sets,NM NPL,PARAMETER
request bytes,NM NPL,DECLARATION
video capture dshows,NM NM NPL,CLASS
category filter factories,NM NM NPL,CLASS
status icons,NM NPL,FUNCTION
op pools,NM NPL,CLASS
initialization errors,NM NPL,ATTRIBUTE
show tags,V NPL,ATTRIBUTE
rgbs 2 rgb565s,NPL P NPL,FUNCTION
inflation leg npvs,NM NM NPL,FUNCTION
next searches,NM NPL,DECLARATION
set add faces points,V V NM NPL,FUNCTION
dvb subtitle readers,NM NM NPL,CLASS
parse max ages,V NM NPL,FUNCTION
suite method builders,NM NM NPL,CLASS
coterminal models,NM NPL,DECLARATION
b loops,PRE NPL,ATTRIBUTE
output arrays,NM NPL,PARAMETER
method indexes,NM NPL,DECLARATION
m first render queues,PRE NM NM NPL,ATTRIBUTE
last gradients,NM NPL,FUNCTION
value labels,NM NPL,CLASS
befores,NPL,ATTRIBUTE
with charsets,P NPL,FUNCTION
wrapper classes,NM NPL,DECLARATION
to xyzzes,P NPL,DECLARATION
labels files,NM NPL,PARAMETER
z weights,NM NPL,ATTRIBUTE
is trained,V V,DECLARATION
number elementary vegas,NM NM NPL,ATTRIBUTE
tune treebanks,NM NPL,DECLARATION
filtered children,NM NPL,ATTRIBUTE
mod ifaces,NM NPL,DECLARATION
attributes,NPL,CLASS
extract events,V NPL,ATTRIBUTE
dependencies sts,NM NPL,DECLARATION
pixel widths,NM NPL,ATTRIBUTE
crop nodes,NM NPL,ATTRIBUTE
i var initializers,NM NM NPL,PARAMETER
training examples,NM NPL,FUNCTION
bke lattice indexes flip,PRE NM NPL V,FUNCTION
output delegates private,NM NPL NM,CLASS
sk editor consumers,NM NM NPL,CLASS
wrap if not thread safes,V CJ VM NM NPL,FUNCTION
declaration items,NM NPL,CLASS
max requests per hosts,NM NPL P NPL,PARAMETER
parse attribute defs,V NM NPL,FUNCTION
max intermediate cas,NM NM NPL,PARAMETER
match by ips,V P NPL,FUNCTION
call error extensions,NM NM NPL,CLASS
get default install states,V NM NM NPL,FUNCTION
status files,NM NPL,PARAMETER
resolved failed exceptions,NM NM NPL,CLASS
render result exr file ends,V NM NM NM NPL,FUNCTION
mpeg audio readers,NM NM NPL,CLASS
of android sound players,PRE NM NM NPL,CLASS
get item type descriptors,V NM NM NPL,FUNCTION
canvas items,NM NPL,ATTRIBUTE
all action roots,DT NM NPL,DECLARATION
search profile results,NM NM NPL,PARAMETER
gimp erasers default,PRE NPL NM,FUNCTION
temporary folders,NM NPL,CLASS
nullable classes,NM NPL,PARAMETER
always preview,VM V,DECLARATION
sizes on first uses,NPL P NM NPL,PARAMETER
variables,NPL,ATTRIBUTE
folder names,NM NPL,PARAMETER
optimize identity cast compositions,V NM NM NPL,FUNCTION
extract raw type of,V NM NM P,FUNCTION
mono p invoke callback attributes,NM NM NM NM NPL,CLASS
m gpu rays,PRE NM NPL,ATTRIBUTE
d infs,NM NPL,DECLARATION
new ys,NM NPL,ATTRIBUTE
all open files strings,DT NM NM NPL,FUNCTION
max baskets,NM NPL,DECLARATION
c images,PRE NPL,CLASS
exception channels,NM NPL,ATTRIBUTE
step xes,NM NPL,DECLARATION
is generic type disambiguating tokens,V NM NM NM NPL,FUNCTION
addresses lowering,NPL V,CLASS
root ptrs,NM NPL,DECLARATION
element specs,NM NPL,DECLARATION
adding,V,DECLARATION
imb stereo3d read interlaces,PRE NM V NPL,FUNCTION
generic emissive closures,NM NM NPL,CLASS
bt materials,PRE NPL,CLASS
led colors,NM NPL,PARAMETER
n ds,NM NPL,ATTRIBUTE
max input sizes,NM NM NPL,DECLARATION
write tcp datas,V NM NPL,FUNCTION
tmp vecs,NM NPL,DECLARATION
classfile buffers,NM NPL,PARAMETER
drift terms,NM NPL,DECLARATION
run after params,V NM NPL,CLASS
feature iterators,NM NPL,DECLARATION
compiling contexts,V NPL,DECLARATION
validate on,V P,PARAMETER
utc timestamp ms,NM NM NPL,DECLARATION
data point methods,NM NM NPL,PARAMETER
dest points,NM NPL,PARAMETER
order with,V P,FUNCTION
m paste modes,PRE NM NPL,ATTRIBUTE
arg mismatch stubbings,NM NM NPL,PARAMETER
cache files,NM NPL,PARAMETER
left recursive rule functions,NM NM NM NPL,CLASS
leases,NPL,CLASS
sprites,NPL,ATTRIBUTE
codes,NPL,ATTRIBUTE
users 2 internal indexes,NPL P NM NPL,CLASS
binormal types,NM NPL,DECLARATION
img buffers original,NM NPL NM,ATTRIBUTE
physics client examples,NM NM NPL,CLASS
manifest file prefixes,NM NM NPL,ATTRIBUTE
set destructor callbacks,V NM NPL,FUNCTION
get commit ids,V NM NPL,FUNCTION
gauss lobatto ep,NM NM NPL,PARAMETER
add object indexes,V NM NPL,FUNCTION
dispatch mask buffer iterators,NM NM NM NPL,CLASS
mkt factors,NM NPL,PARAMETER
rgb reals,NM NPL,DECLARATION
command ts,NM NPL,CLASS
edit lengths,NM NPL,PARAMETER
is sums supported,V NPL V,FUNCTION
dst types 1,NM NPL D,DECLARATION
dump frame buffer formats,V NM NM NPL,FUNCTION
array classes,NM NPL,PARAMETER
secondary ranges,NM NPL,PARAMETER
wrapped verifications,NM NPL,PARAMETER
filter specs,NM NPL,DECLARATION
